Player,Pos,Age,Tm,G,GS,MP,FG,FGA,FG%,3P,3PA,3P%,2P,2PA,2P%,FT,FTA,FT%,ORB,DRB,TRB,AST,STL,BLK,TOV,PF,PTS,,ORtg,DRtg
Álex Abrines\abrinal01,SG,24,OKC,75,8,1134,5,12.7,0.395,3.7,9.7,0.38,1.4,3.1,0.443,1.7,2,0.848,1.1,3.9,5,1.2,1.7,0.4,1.1,5.4,15.4,,116,110
Quincy Acy\acyqu01,PF,27,BRK,70,8,1359,4.6,13,0.356,3.6,10.4,0.349,1,2.6,0.384,1.8,2.1,0.817,1.4,7.8,9.2,2,1.2,1,2.1,5.3,14.7,,99,110
Steven Adams\adamsst01,C,24,OKC,76,76,2487,8.9,14.2,0.629,0,0,0,8.9,14.2,0.631,3.2,5.7,0.559,7.7,6,13.7,1.8,1.8,1.6,2.6,4.3,21.1,,125,107
Bam Adebayo\adebaba01,C,20,MIA,69,19,1368,6.4,12.5,0.512,0,0.3,0,6.4,12.2,0.523,4.7,6.6,0.721,4.3,9.7,14,3.7,1.2,1.5,2.4,5.1,17.5,,116,105
Arron Afflalo\afflaar01,SG,32,ORL,53,3,682,4.7,11.6,0.401,1.9,5,0.386,2.7,6.6,0.413,1.6,1.9,0.846,0.3,4.5,4.7,2.2,0.3,0.6,1.5,4,12.8,,98,115
Cole Aldrich\aldrico01,C,29,MIN,21,0,49,5.1,15.3,0.333,0,0,,5.1,15.3,0.333,2,6.1,0.333,3.1,12.2,15.3,3.1,2,1,1,11.2,12.2,,85,107
LaMarcus Aldridge\aldrila01,C,32,SAS,75,75,2509,13.8,27.1,0.51,0.5,1.9,0.293,13.3,25.3,0.526,6.7,8,0.837,5,7.8,12.8,3.1,0.9,1.8,2.2,3.2,34.9,,118,105
Jarrett Allen\allenja01,C,19,BRK,72,31,1441,7.9,13.4,0.589,0.2,0.5,0.333,7.7,12.9,0.599,3.8,5,0.776,4.9,8.2,13.1,1.7,0.9,3,2.8,5,19.8,,119,108
Kadeem Allen\allenka01,PG,25,BOS,18,1,107,2.8,10.3,0.273,0,5.1,0,2.8,5.1,0.545,3.3,4.2,0.778,1.9,3.3,5.1,5.6,1.4,0.9,4.2,7,8.9,,78,106
Tony Allen\allento01,SF,36,NOP,22,0,273,7.7,15.9,0.484,0.7,2.1,0.333,7,13.8,0.506,1.9,3.7,0.524,3.5,4.7,8.2,1.6,1.9,0.5,3.3,8.6,18,,95,110
Al-Farouq Aminu\aminual01,PF,27,POR,69,67,2072,5.5,14,0.395,3,8.1,0.369,2.5,5.8,0.432,1.4,1.9,0.738,2.3,10.3,12.6,2,1.9,1,1.9,3.3,15.5,,105,104
Justin Anderson\anderju01,SF,24,PHI,38,0,519,8.1,18.7,0.431,3.2,9.5,0.33,4.9,9.2,0.535,2.6,3.5,0.737,2.3,6.3,8.6,2.3,1.4,0.6,1.5,5,21.9,,110,107
Kyle Anderson\anderky01,SF,24,SAS,74,67,1978,5.9,11.2,0.527,0.5,1.5,0.333,5.4,9.7,0.556,2.7,3.7,0.712,2.1,8,10.1,5.2,2.9,1.5,2.4,2.9,14.9,,114,101
Ryan Anderson\anderry01,PF,29,HOU,66,50,1725,5.9,13.7,0.431,3.7,9.7,0.386,2.2,4,0.539,2.1,2.7,0.774,2.7,6.8,9.4,1.7,0.7,0.6,1.2,3.6,17.6,,121,109
Ike Anigbogu\anigbik01,C,19,IND,11,0,30,6.7,15,0.444,0,0,,6.7,15,0.444,8.3,10,0.833,8.3,6.7,15,0,1.7,5,3.3,1.7,21.7,,114,104
Giannis Antetokounmpo\antetgi01,PF,23,MIL,75,75,2756,13.4,25.4,0.529,0.8,2.5,0.307,12.6,22.8,0.554,8.8,11.6,0.76,2.8,10.8,13.6,6.5,2,1.9,4,4.2,36.4,,116,106
Carmelo Anthony\anthoca01,PF,33,OKC,78,78,2501,9.4,23.2,0.404,3.4,9.4,0.357,6,13.8,0.437,2.9,3.8,0.767,1.3,7.7,9,2,0.9,1,2,3.9,25,,104,109
OG Anunoby\anunoog01,SF,20,TOR,74,62,1481,5.4,11.5,0.471,2.4,6.6,0.371,3,5,0.604,1.3,2.1,0.629,1.5,4.7,6.1,1.8,1.7,0.5,1.5,4.3,14.6,,113,108
Ryan Arcidiacono\arcidry01,PG,23,CHI,24,0,304,2.7,6.6,0.415,1.4,5,0.29,1.3,1.6,0.8,0.8,1,0.833,0.2,3.9,4,5.6,2.1,0,2.1,2.9,7.7,,105,112
Trevor Ariza\arizatr01,SF,32,HOU,67,67,2269,5.8,14.1,0.412,3.7,10,0.368,2.1,4.1,0.519,1.6,1.9,0.854,0.7,5.7,6.4,2.3,2.1,0.3,1.1,2.9,17,,114,107
Darrell Arthur\arthuda01,PF,29,DEN,19,1,141,7.7,16.5,0.468,2.8,8.1,0.348,4.9,8.4,0.583,0.7,1.1,0.667,1.1,4.2,5.3,3.2,2.8,1.1,5.3,7.7,19,,90,109
Jamel Artis\artisja01,SG,25,ORL,15,1,279,5.4,13.9,0.392,1.4,5.1,0.276,4,8.8,0.46,1.2,2.1,0.583,0.7,6,6.7,3.2,0.4,0.5,1.4,1.9,13.5,,94,114
Ömer A??k\asikom01,C,31,TOT,18,0,182,2.4,5.8,0.409,0,0,,2.4,5.8,0.409,1.1,3.4,0.308,2.4,10,12.4,0.8,0.5,1.1,2.4,5.3,5.8,,76,110
Ömer A??k\asikom01,C,31,NOP,14,0,121,2.8,6.3,0.438,0,0,,2.8,6.3,0.438,1.6,4.7,0.333,2.8,11.8,14.6,0.8,0.4,0.8,2,5.5,7.1,,85,109
Ömer A??k\asikom01,C,31,CHI,4,0,61,1.6,4.8,0.333,0,0,,1.6,4.8,0.333,0,0.8,0,1.6,6.4,8,0.8,0.8,1.6,3.2,4.8,3.2,,52,112
D.J. Augustin\augusdj01,PG,30,ORL,75,36,1760,6.8,15,0.452,3.2,7.6,0.419,3.6,7.5,0.485,4.6,5.3,0.868,0.8,3.6,4.5,8,1.5,0,3.4,2.6,21.3,,116,114
Luke Babbitt\babbilu01,SF,28,TOT,50,14,715,6.3,14.8,0.423,4.1,10.7,0.385,2.1,4.1,0.525,1.2,1.5,0.773,0.5,6.1,6.6,2.1,0.5,0.5,1.3,3.7,17.8,,109,113
Luke Babbitt\babbilu01,SF,28,ATL,37,9,570,6.9,14.4,0.476,4.2,9.5,0.441,2.7,4.9,0.544,1.5,1.9,0.773,0.4,6.5,6.9,2.2,0.6,0.4,1.3,4,19.4,,119,114
Luke Babbitt\babbilu01,SF,28,MIA,13,5,145,3.8,16.3,0.234,3.8,15.6,0.244,0,0.7,0,0,0,,0.7,4.5,5.2,1.7,0.3,0.7,1.4,2.4,11.4,,74,111
Dwayne Bacon\bacondw01,SG,22,CHO,53,6,713,4.9,13.1,0.375,0.8,2.9,0.256,4.2,10.2,0.409,1.4,1.7,0.8,0.3,8.2,8.5,2.6,1.1,0.1,1.6,3.1,12,,88,111
Ron Baker\bakerro01,SG,24,NYK,29,1,385,2.6,7.6,0.339,1.4,4.2,0.333,1.2,3.3,0.346,2.6,3.3,0.769,0.6,3.2,3.9,6.1,3.3,0.8,2.3,4.2,9.1,,104,109
Wade Baldwin\baldwwa01,PG,21,POR,7,0,80,8.7,13.1,0.667,2.5,3.1,0.8,6.2,10,0.625,3.7,6.2,0.6,0.6,4.4,5,3.1,1.2,0.6,2.5,7.5,23.6,,131,109
Lonzo Ball\balllo01,PG,20,LAL,52,50,1780,5.5,15.2,0.36,2.4,7.9,0.305,3,7.2,0.42,0.9,1.9,0.451,1.9,7.8,9.7,10.1,2.4,1.2,3.7,3.1,14.2,,97,106
J.J. Barea\bareajo01,PG,33,DAL,69,10,1603,9.5,21.6,0.439,3.6,9.8,0.367,5.9,11.8,0.499,2.5,3.2,0.784,0.5,5.8,6.3,13.6,1.1,0.1,4.5,2.6,25.1,,109,112
Harrison Barnes\barneha02,PF,25,DAL,77,77,2634,10.2,23,0.445,2.3,6.3,0.357,8,16.7,0.478,4.9,6,0.827,1.5,7.5,8.9,2.9,0.9,0.3,2.2,1.8,27.7,,105,111
Will Barton\bartowi01,SG,27,DEN,81,40,2683,8.6,19,0.452,2.9,7.8,0.37,5.7,11.2,0.51,3.4,4.2,0.805,1.3,6.3,7.6,6.1,1.5,1,2.8,3.1,23.4,,113,112
Nicolas Batum\batumni01,SG,29,CHO,64,64,1981,6.6,16,0.415,2.3,6.7,0.336,4.4,9.3,0.473,2.7,3.2,0.831,1.4,6.1,7.5,8.6,1.6,0.6,3.2,1.8,18.2,,107,110
Jerryd Bayless\bayleje01,SG,29,PHI,39,11,925,5.7,13.6,0.416,2.8,7.6,0.37,2.9,6,0.474,1.8,2.3,0.795,0.8,3.4,4.2,2.8,1.2,0.3,2.4,4.7,16,,102,109
Aron Baynes\baynear01,C,31,BOS,81,67,1485,7.1,15,0.471,0.1,0.7,0.143,7,14.3,0.487,2,2.6,0.756,4.4,10.2,14.6,3.1,0.7,1.7,2.7,6.7,16.2,,103,103
Kent Bazemore\bazemke01,SG,28,ATL,65,65,1789,7.8,18.5,0.42,2.9,7.5,0.394,4.8,11,0.438,4.4,5.5,0.796,0.7,6.1,6.8,6.2,2.7,1.2,4.3,4,22.8,,101,108
Bradley Beal\bealbr01,SG,24,WAS,82,82,2977,11.4,24.8,0.46,3.3,8.8,0.375,8.1,15.9,0.507,4.9,6.2,0.791,1,5,6.1,6.2,1.6,0.6,3.6,2.7,31,,109,110
Malik Beasley\beaslma01,SG,21,DEN,62,0,583,6.2,15.1,0.41,2.4,7,0.341,3.8,8.2,0.469,1.9,2.8,0.667,1.2,4.8,6,2.6,1.3,0.6,2,3.1,16.7,,101,113
Michael Beasley\beaslmi01,PF,29,NYK,74,30,1653,12.3,24.2,0.507,1,2.6,0.395,11.2,21.6,0.52,3.7,4.8,0.78,2.9,9.5,12.4,3.7,1.1,1.3,4.3,4.3,29.3,,103,110
Marco Belinelli\belinma01,SG,31,TOT,80,2,1947,8.4,19.1,0.441,3.7,9.9,0.377,4.7,9.2,0.509,3.7,4.1,0.908,0.5,3.3,3.8,3.7,1.6,0.3,2.3,2.3,24.2,,110,111
Marco Belinelli\belinma01,SG,31,ATL,52,1,1210,8,19.6,0.41,3.7,10,0.372,4.3,9.6,0.45,4.1,4.4,0.927,0.6,3.5,4,4.2,1.9,0.1,2.2,1.7,23.9,,109,113
Marco Belinelli\belinma01,SG,31,PHI,28,1,737,9,18.2,0.495,3.7,9.7,0.385,5.3,8.5,0.618,3.1,3.5,0.87,0.4,2.9,3.3,2.9,1.3,0.6,2.6,3.3,24.8,,114,109
Jordan Bell\belljo01,C,23,GSW,57,13,809,6.9,11,0.627,0,0.2,0,6.9,10.8,0.641,1.8,2.6,0.682,3.6,8.8,12.3,6.1,2.1,3.3,3,5.5,15.6,,121,103
DeAndre' Bembry\bembrde01,SF,23,ATL,26,3,455,5.7,13.7,0.414,1.2,3.2,0.367,4.5,10.5,0.429,2,3.5,0.576,0.9,6.9,7.7,5.3,2.3,1.3,5,4.1,14.6,,83,109
Dragan Bender\bendedr01,PF,20,PHO,82,37,2069,4.3,11.2,0.386,2.7,7.5,0.366,1.6,3.7,0.426,0.9,1.2,0.765,0.9,7.4,8.4,3,0.5,1.2,2.6,3.8,12.3,,95,114
D?vis Bert?ns\bertada01,PF,25,SAS,77,10,1086,7.5,17,0.44,4.4,11.7,0.373,3.1,5.3,0.588,1.9,2.3,0.816,0.8,6.3,7.1,3.4,1.2,1.3,1.7,4.3,21.2,,115,106
Patrick Beverley\beverpa01,SG,29,LAC,11,11,334,7,17.3,0.403,3.5,8.7,0.4,3.5,8.6,0.407,2,2.5,0.824,2.3,4.2,6.6,4.7,2.8,0.7,3.6,4.9,19.5,,102,110
Khem Birch\birchkh01,C,25,ORL,42,0,578,5.8,10.7,0.54,0,0,,5.8,10.7,0.54,3.6,5.2,0.689,5.9,9.3,15.2,2.9,1.3,1.8,1.8,4.7,15.1,,123,108
Jabari Bird\birdja01,SG,23,BOS,13,1,115,6.5,11.3,0.577,1.3,3,0.429,5.2,8.3,0.632,2.6,5.6,0.462,2.6,5.6,8.3,3.5,1.3,0.4,3.5,3,16.9,,107,106
Bismack Biyombo\biyombi01,C,25,ORL,82,25,1495,6,11.5,0.52,0,0,0,6,11.5,0.521,3.3,5.1,0.65,4.7,10.6,15.3,2.2,0.7,3.1,2.8,5.2,15.3,,108,107
Nemanja Bjelica\bjeline01,PF,29,MIN,67,21,1371,6.2,13.5,0.461,2.8,6.7,0.415,3.5,6.9,0.505,1.3,1.6,0.8,1.9,8.1,10,3.1,1.8,0.6,1.9,5.1,16.6,,114,110
Tarik Black\blackta01,C,26,HOU,51,2,536,6.9,11.7,0.591,0.1,1,0.091,6.8,10.6,0.638,2.7,5.8,0.46,5.8,9.2,15,1.2,1.9,2.8,3.2,9.8,16.5,,110,102
Antonio Blakeney\blakean01,SG,21,CHI,19,0,314,8.2,22.2,0.371,2.3,8.1,0.288,5.9,14.1,0.418,4.7,6.1,0.769,0.6,4.5,5.1,3.1,1.1,0.2,1.7,3,23.5,,96,114
Eric Bledsoe\bledser01,PG,28,TOT,74,74,2322,10,21.2,0.473,2.7,7.7,0.347,7.4,13.5,0.545,5.4,6.8,0.795,1.1,5,6.1,7.9,3.2,0.9,4.6,4,28.2,,109,108
Eric Bledsoe\bledser01,PG,28,PHO,3,3,83,9.2,23.1,0.4,2.3,7.5,0.308,6.9,15.6,0.444,6.3,8.1,0.786,1.7,2.3,4,5.2,2.3,1.2,5.8,3.5,27.1,,94,113
Eric Bledsoe\bledser01,PG,28,MIL,71,71,2239,10.1,21.1,0.476,2.7,7.7,0.349,7.4,13.4,0.55,5.4,6.7,0.795,1.1,5.1,6.2,8,3.2,0.9,4.6,4,28.2,,109,108
Vander Blue\blueva01,SG,25,LAL,5,0,45,1.1,5.3,0.2,0,2.1,0,1.1,3.2,0.333,1.1,2.1,0.5,0,1.1,1.1,3.2,1.1,0,3.2,2.1,3.2,,52,114
Bogdan Bogdanovi?\bogdabo01,SG,25,SAC,78,53,2175,8,18,0.446,3,7.7,0.392,5,10.3,0.485,2.3,2.8,0.84,0.7,4.5,5.2,6,1.7,0.4,2.9,4,21.3,,107,113
Bojan Bogdanovi?\bogdabo02,SF,28,IND,80,80,2464,8.2,17.3,0.474,3.1,7.8,0.402,5.1,9.5,0.534,3.6,4.2,0.868,0.6,4.9,5.5,2.4,1.1,0.2,2.2,2.6,23.1,,114,112
Andrew Bogut\bogutan01,C,33,LAL,24,5,216,3.8,5.5,0.68,0,0,,3.8,5.5,0.68,0.4,0.4,1,5.8,11.5,17.3,3.3,0.9,2.9,4.2,8.9,8,,106,104
Joel Bolomboy\bolomjo01,PF,24,MIL,6,0,38,3.9,7.9,0.5,0,1.3,0,3.9,6.6,0.6,3.9,7.9,0.5,7.9,5.2,13.1,0,2.6,0,2.6,3.9,11.8,,109,111
Devin Booker\bookede01,SG,21,PHO,54,54,1865,11.7,27.1,0.432,3.8,9.9,0.383,7.9,17.2,0.46,7.4,8.4,0.878,0.7,5.6,6.3,6.5,1.2,0.4,5,4.3,34.5,,105,115
Trevor Booker\booketr01,PF,30,TOT,68,7,1158,7.4,14.4,0.516,0.3,1.4,0.242,7.1,13,0.545,2.8,3.9,0.71,4.9,8.4,13.4,3.4,1.2,0.9,2.5,5,18,,114,108
Trevor Booker\booketr01,PF,30,BRK,18,6,395,9.5,18.4,0.513,0.4,1.5,0.25,9.1,17,0.536,2.9,5.3,0.558,4.7,10,14.6,4.7,1,0.6,3.7,5.3,22.2,,105,110
Trevor Booker\booketr01,PF,30,PHI,33,0,494,5.9,10.6,0.56,0.2,0.7,0.286,5.7,9.9,0.578,3.1,3.8,0.821,4.6,7.3,11.9,2.6,1.6,1.1,1.9,4.9,15.2,,125,105
Trevor Booker\booketr01,PF,30,IND,17,1,269,7.2,15.6,0.464,0.6,2.6,0.214,6.7,13,0.514,1.9,2,0.909,5.9,8.4,14.3,3.2,0.7,0.9,1.7,4.8,16.9,,115,110
Chris Boucher\bouchch01,PF,25,GSW,1,0,1,0,48.2,0,0,48.2,0,0,0,,0,0,,0,48.2,48.2,0,0,0,0,0,0,,0,88
Avery Bradley\bradlav01,SG,27,TOT,46,46,1433,9,21.7,0.414,2.6,7,0.369,6.4,14.6,0.436,2.2,2.8,0.768,0.8,3.3,4,3.3,1.8,0.3,3.5,3.2,22.8,,92,110
Avery Bradley\bradlav01,SG,27,DET,40,40,1268,9.2,22.4,0.409,2.9,7.6,0.381,6.3,14.8,0.423,2.4,3.1,0.763,0.7,3,3.7,3.3,1.8,0.3,3.7,3.1,23.6,,92,110
Avery Bradley\bradlav01,SG,27,LAC,6,6,165,7.7,16.2,0.473,0.3,2.7,0.111,7.4,13.6,0.543,0.6,0.6,1,0.9,5.6,6.5,3.2,1.5,0.3,2.4,3.5,16.2,,96,112
Tony Bradley\bradlto01,C,20,UTA,9,0,29,5.2,19,0.273,0,1.7,0,5.2,17.3,0.3,3.5,3.5,1,6.9,12.1,19,1.7,0,0,0,1.7,13.8,,95,107
Corey Brewer\breweco01,SF-SG,31,TOT,72,18,1208,5.7,12.7,0.449,1.2,4.4,0.282,4.5,8.3,0.539,2.6,3.6,0.722,1.7,4.5,6.2,2.6,3.2,0.6,2,5.6,15.3,,107,106
Corey Brewer\breweco01,SF,31,LAL,54,2,694,5.4,11.9,0.453,0.6,3,0.186,4.8,8.9,0.543,2.3,3.5,0.667,1.6,4.8,6.4,2.8,2.8,0.6,2.6,5.7,13.6,,97,107
Corey Brewer\breweco01,SG,31,OKC,18,16,514,6.2,13.9,0.444,2.2,6.5,0.343,4,7.4,0.532,3,3.8,0.795,1.9,4,5.9,2.3,3.7,0.6,1.1,5.4,17.6,,121,105
Malcolm Brogdon\brogdma01,PG,25,MIL,48,20,1436,8.5,17.5,0.485,2.2,5.6,0.385,6.3,11.9,0.532,2.6,3,0.882,0.8,4.6,5.4,5.3,1.4,0.5,2.3,4.4,21.7,,112,113
Aaron Brooks\brookaa01,PG,33,MIN,32,1,189,7.4,18.3,0.406,2.9,8.2,0.355,4.5,10.1,0.447,2.1,2.9,0.727,1.9,2.6,4.5,5.3,1.6,0,2.9,7.4,19.8,,103,115
Dillon Brooks\brookdi01,SF,22,MEM,82,74,2350,7.3,16.6,0.44,2,5.7,0.356,5.3,10.9,0.484,2.7,3.6,0.747,1.1,4.5,5.5,2.9,1.6,0.4,2.7,5,19.3,,100,113
MarShon Brooks\brookma01,SG,29,MEM,7,1,193,13.4,26.7,0.5,5,8.4,0.594,8.4,18.3,0.457,5.2,6,0.87,2.1,3.4,5.5,6.5,2.9,0.8,4.2,1.6,36.9,,117,111
Anthony Brown\brownan02,SF,25,MIN,1,0,4,12.5,12.5,1,12.5,12.5,1,0,0,,0,0,,0,0,0,12.5,0,0,0,0,37.5,,279,120
Bobby Brown\brownbo02,PG,33,HOU,20,0,115,8.1,24.8,0.328,4.7,17.1,0.275,3.4,7.7,0.444,0.4,0.9,0.5,0,3,3,4.7,1.7,0,3.9,2.6,21.4,,83,110
Jaylen Brown\brownja02,SG,21,BOS,70,70,2152,8.7,18.6,0.465,2.8,7.1,0.395,5.9,11.5,0.507,3.5,5.4,0.644,1.5,6.5,8,2.6,1.6,0.6,2.9,4.2,23.6,,105,105
Lorenzo Brown\brownlo01,PG,27,TOR,14,0,139,5,12.1,0.412,0.7,4.3,0.167,4.3,7.8,0.545,0.7,0.7,1,0.4,5,5.3,4.6,1.8,0,1.1,2.5,11.3,,102,108
Markel Brown\brownma02,SG,26,HOU,4,0,31,3.2,11.1,0.286,1.6,7.9,0.2,1.6,3.2,0.5,0,0,,1.6,6.3,7.9,3.2,0,0,3.2,9.5,7.9,,74,111
Sterling Brown\brownst02,SG,22,MIL,54,4,776,5.3,13.2,0.4,2.1,5.8,0.352,3.2,7.3,0.439,1.3,1.5,0.875,1.7,7.5,9.2,1.6,2,0.8,1.6,5.1,13.9,,100,110
Nicolás Brussino\brussni01,SF,24,ATL,4,0,10,0,9.8,0,0,9.8,0,0,0,,0,0,,0,14.7,14.7,0,0,0,0,0,0,,0,111
Thomas Bryant\bryanth01,C,20,LAL,15,0,72,5.3,14,0.381,0.7,6.6,0.1,4.7,7.3,0.636,3.3,6,0.556,2,9.3,11.3,4,0.7,1.3,1.3,4,14.6,,100,108
Reggie Bullock\bullore01,SF,26,DET,62,52,1732,7.7,15.7,0.489,3.6,8.1,0.445,4.1,7.6,0.536,1.1,1.4,0.796,0.8,3.7,4.4,2.7,1.4,0.4,1.4,2,20.1,,118,110
Trey Burke\burketr01,PG,25,NYK,36,9,785,12.2,24.2,0.503,2.4,6.6,0.362,9.8,17.6,0.556,2.3,3.6,0.649,0.8,3.7,4.5,10.7,1.5,0.3,2.7,2.7,29.1,,117,114
Alec Burks\burksal01,SG,26,UTA,64,1,1059,8.1,19.6,0.411,2.2,6.7,0.331,5.8,12.9,0.452,5.1,5.9,0.863,0.9,8.2,9.1,3.2,1.8,0.4,2.8,3.6,23.4,,102,105
Jimmy Butler\butleji01,SG,28,MIN,59,59,2164,10.1,21.3,0.474,1.6,4.6,0.35,8.5,16.7,0.509,8.4,9.8,0.854,1.8,5.4,7.3,6.7,2.7,0.6,2.5,1.8,30.2,,122,110
Dwight Buycks\buyckdw01,PG,28,DET,29,0,427,9.6,23.1,0.414,1.8,5.3,0.333,7.8,17.9,0.438,4.2,4.8,0.878,1.4,3.4,4.8,6.9,2.2,0.2,4.6,4.6,25.1,,97,109
Bruno Caboclo\cabocbr01,SF,22,TOT,12,0,107,4.2,14.6,0.29,1.4,8,0.176,2.8,6.6,0.429,2.4,2.8,0.833,3.3,7.1,10.4,1.9,1.4,1.9,1.9,3.8,12.3,,86,110
Bruno Caboclo\cabocbr01,SF,22,TOR,2,0,7,0,14.1,0,0,14.1,0,0,0,,0,0,,0,7,7,7,7,0,0,7,0,,33,95
Bruno Caboclo\cabocbr01,SF,22,SAC,10,0,100,4.6,14.7,0.31,1.5,7.6,0.2,3,7.1,0.429,2.5,3,0.833,3.5,7.1,10.6,1.5,1,2,2,3.5,13.1,,89,111
José Calderón\caldejo01,PG,36,CLE,57,32,914,5,9.9,0.503,2.4,5.2,0.464,2.6,4.7,0.545,1.3,1.6,0.8,0.8,3.8,4.5,6.3,1.4,0.1,2.2,4.3,13.7,,122,115
Kentavious Caldwell-Pope\caldwke01,SG,24,LAL,74,74,2458,6.6,15.5,0.426,3.1,8.1,0.383,3.5,7.5,0.473,3,3.8,0.789,1.2,6.4,7.5,3.2,2.1,0.3,1.9,2.8,19.3,,111,108
Isaiah Canaan\canaais01,PG-SG,26,TOT,20,1,422,5.9,15.5,0.38,2.5,7.5,0.333,3.4,8.1,0.423,5.2,5.8,0.902,0.7,4.4,5.1,8.6,1.8,0.1,3.3,4.1,19.5,,110,114
Isaiah Canaan\canaais01,SG,26,HOU,1,0,4,0,12.3,0,0,0,,0,12.3,0,0,0,,0,12.3,12.3,0,0,0,0,0,0,,0,109
Isaiah Canaan\canaais01,PG,26,PHO,19,1,418,6,15.6,0.382,2.5,7.6,0.333,3.4,8,0.429,5.3,5.8,0.902,0.7,4.4,5,8.7,1.8,0.1,3.3,4.1,19.7,,110,114
Clint Capela\capelca01,C,23,HOU,74,74,2034,10.7,16.4,0.652,0,0,0,10.7,16.3,0.653,3.5,6.2,0.56,5.8,13.6,19.4,1.6,1.4,3.3,2.5,4.5,24.8,,126,101
DeMarre Carroll\carrode01,PF,31,BRK,73,73,2180,7.2,17.5,0.414,3.2,8.7,0.371,4,8.8,0.457,4.2,5.5,0.764,2.3,8.3,10.7,3.3,1.3,0.7,2.3,3.7,21.9,,109,110
Vince Carter\cartevi01,SF,41,SAC,58,5,1026,5.6,14,0.403,2.8,8.1,0.345,2.8,5.8,0.483,1.4,1.8,0.757,0.9,6.4,7.3,3.4,2.1,1.3,1.8,4.7,15.4,,103,110
Michael Carter-Williams\cartemi01,PG,26,CHO,52,2,835,4.4,13.4,0.332,0.8,3.4,0.237,3.6,9.9,0.365,4.3,5.2,0.82,2.2,5.9,8.1,6.8,2.6,1.3,3,5.8,14,,98,107
Alex Caruso\carusal01,PG,23,LAL,37,7,562,4.3,9.9,0.431,1.1,3.7,0.302,3.1,6.2,0.507,1.8,2.6,0.7,1.3,4.3,5.5,6.4,2,0.9,3.6,4.4,11.4,,98,109
Omri Casspi\casspom01,SF,29,GSW,53,7,740,7.8,13.5,0.58,0.7,1.4,0.455,7.2,12,0.595,3.3,4.5,0.725,2,11.1,13,3.3,1.2,1.2,2.4,4.6,19.5,,117,106
Willie Cauley-Stein\caulewi01,C,24,SAC,73,58,2044,9.6,19.1,0.502,0.1,0.3,0.25,9.5,18.8,0.506,3.8,6.1,0.619,3.2,9.4,12.6,4.3,1.9,1.7,2.7,4.6,23.1,,106,108
Tyler Cavanaugh\cavanty01,PF,23,ATL,39,1,518,6.3,14.3,0.441,3,8.4,0.36,3.3,5.9,0.556,1.6,2,0.81,4.2,7.7,12,2.5,0.8,0.4,1.3,5.8,17.3,,119,112
Mario Chalmers\chalmma01,PG,31,MEM,66,10,1421,6,15.8,0.379,1.9,6.8,0.277,4.1,9,0.456,4.2,4.9,0.855,0.5,5.1,5.6,7,2.8,0.5,4.2,6.4,18,,96,110
Tyson Chandler\chandty01,C,35,PHO,46,46,1151,5,7.8,0.647,0,0,,5,7.8,0.647,2.4,3.9,0.624,5.6,11.8,17.4,2.2,0.7,1.1,2.5,4.4,12.5,,123,111
Wilson Chandler\chandwi01,SF,30,DEN,74,71,2346,5.9,13.3,0.445,1.9,5.2,0.358,4.1,8.1,0.501,1.9,2.4,0.772,2.2,6.3,8.4,3.4,0.9,0.8,1.9,3.3,15.6,,110,113
Marquese Chriss\chrisma01,PF,20,PHO,72,49,1527,6.3,15,0.423,1.8,6,0.295,4.6,9,0.509,3,5,0.608,2.4,10,12.4,2.6,1.6,2.2,3.4,6.4,17.4,,95,109
Ian Clark\clarkia01,SG,26,NOP,74,2,1455,7.3,16.2,0.448,2,6.4,0.318,5.2,9.8,0.533,1.5,1.9,0.763,0.3,3.8,4.2,3.6,1.1,0.3,1.9,3.9,18.1,,102,112
Jordan Clarkson\clarkjo01,SG,25,TOT,81,2,1888,11,24.4,0.451,2.9,8.1,0.352,8.1,16.2,0.5,3.9,4.9,0.8,1.5,4.1,5.5,5.6,1.5,0.2,3.2,2.7,28.7,,106,112
Jordan Clarkson\clarkjo01,SG,25,LAL,53,2,1256,11.4,25.4,0.448,2.6,8,0.324,8.8,17.4,0.505,4,5,0.795,1.7,4.4,6.1,6.6,1.5,0.1,3.6,2.4,29.4,,105,111
Jordan Clarkson\clarkjo01,SG,25,CLE,28,0,632,10.2,22.2,0.456,3.4,8.4,0.407,6.7,13.9,0.486,3.6,4.5,0.81,1,3.5,4.5,3.7,1.5,0.2,2.5,3.4,27.4,,109,115
Gian Clavell\clavegi01,SG,24,DAL,7,0,64,4.7,14.1,0.333,4.7,11.8,0.4,0,2.4,0,1.6,1.6,1,0.8,4.7,5.5,2.4,1.6,0,1.6,6.3,15.7,,102,111
Antonius Cleveland\clevean01,SG,23,TOT,17,0,123,3.2,8.5,0.381,1.2,1.6,0.75,2,6.9,0.294,1.6,2.4,0.667,1.2,4.4,5.7,0.8,2.8,2,2.8,9.3,9.3,,78,107
Antonius Cleveland\clevean01,SG,23,DAL,13,0,81,2.5,8.7,0.286,0,0.6,0,2.5,8.1,0.308,1.2,2.5,0.5,1.2,5,6.2,1.2,3.7,2.5,1.2,6.8,6.2,,70,103
Antonius Cleveland\clevean01,SG,23,ATL,4,0,42,4.7,8.1,0.571,3.5,3.5,1,1.2,4.7,0.25,2.3,2.3,1,1.2,3.5,4.7,0,1.2,1.2,5.8,14,15.1,,90,113
John Collins\collijo01,PF,20,ATL,74,26,1785,8.6,14.9,0.576,0.4,1.3,0.34,8.2,13.6,0.598,3.6,5.1,0.715,4.8,10,14.8,2.7,1.3,2.2,2.9,5.9,21.3,,117,108
Zach Collins\colliza01,C,20,POR,66,1,1045,5.5,13.8,0.398,1.7,5.4,0.31,3.8,8.4,0.455,1.3,2,0.643,2.1,8.4,10.5,2.5,0.8,1.5,2.8,6.3,13.9,,93,107
Kyle Collinsworth\colliky01,SF,26,DAL,32,2,480,4,10.4,0.384,0.4,1.8,0.235,3.6,8.6,0.415,2.2,4.2,0.525,3.3,7.8,11.2,5.9,1.8,0.9,2.5,4.6,10.6,,98,108
Darren Collison\collida01,PG,30,IND,69,64,2018,7.8,15.8,0.495,2.4,5.1,0.468,5.4,10.7,0.508,3.1,3.6,0.882,0.9,3.5,4.4,9.1,2.3,0.4,2.1,3,21.2,,126,110
Nick Collison\collini01,PF,37,OKC,15,0,75,8.6,12.6,0.684,0,0,,8.6,12.6,0.684,3.3,8.6,0.385,4.6,8.6,13.2,2.6,0,0,4.6,4.6,20.5,,106,112
Mike Conley\conlemi01,PG,30,MEM,12,12,373,8.7,22.8,0.381,3.3,10.4,0.312,5.4,12.3,0.44,7.2,8.9,0.803,0,3.7,3.7,6.6,1.6,0.4,2.4,3.3,27.8,,108,114
Pat Connaughton\connapa01,SG,25,POR,82,5,1488,5.5,13,0.423,2.5,7,0.352,3,6,0.506,1.2,1.5,0.841,1.2,4.2,5.4,3,0.8,0.7,1.4,4,14.7,,110,110
Quinn Cook\cookqu01,PG,24,GSW,33,18,740,7.9,16.4,0.484,3,6.8,0.442,4.9,9.6,0.514,1.4,1.6,0.88,0.7,4.7,5.3,5.8,0.8,0.1,2.1,3.8,20.3,,115,113
Charles Cooke\cookech01,SG,23,NOP,13,0,38,2.5,17.6,0.143,1.3,10.1,0.125,1.3,7.5,0.167,1.3,2.5,0.5,0,2.5,2.5,1.3,1.3,0,1.3,0,7.5,,45,113
Jack Cooley\cooleja01,PF,26,SAC,7,0,87,7.6,15.7,0.481,0,0,,7.6,15.7,0.481,8.1,11,0.737,8.1,9.3,17.4,3.5,0.6,0,1.7,7.6,23.3,,126,113
Matt Costello\costema01,C,24,SAS,4,0,32,3.2,6.3,0.5,0,0,,3.2,6.3,0.5,0,0,,1.6,12.6,14.2,3.2,3.2,3.2,1.6,11.1,6.3,,101,96
DeMarcus Cousins\couside01,C,27,NOP,48,48,1737,11.2,23.7,0.47,2.9,8.1,0.354,8.3,15.7,0.53,8.1,10.8,0.746,2.9,14.1,17,7.1,2.2,2.1,6.7,5,33.3,,104,102
Robert Covington\covinro01,SF,27,PHI,80,80,2532,6.6,15.9,0.413,3.9,10.4,0.369,2.7,5.4,0.497,2.2,2.6,0.853,1,7.2,8.2,3,2.6,1.4,2.4,4.5,19.2,,107,103
Allen Crabbe\crabbal01,SG,25,BRK,75,68,2197,7.4,18.3,0.407,4.4,11.8,0.378,3,6.5,0.461,2.5,3,0.852,0.6,6.5,7.2,2.6,1,0.8,1.7,3.7,21.9,,108,112
Torrey Craig\craigto01,SF,27,DEN,39,5,629,4.9,10.8,0.453,1.3,4.6,0.293,3.5,6.2,0.57,1.7,2.8,0.629,3.2,6.9,10,2,0.9,1.2,1.6,5,12.8,,111,112
Jamal Crawford\crawfja01,SG,37,MIN,80,0,1653,9.3,22.4,0.415,3.1,9.5,0.331,6.2,12.9,0.477,3.1,3.4,0.903,0.6,2.4,3,5.6,1.2,0.3,2.9,2.6,24.9,,104,116
Jordan Crawford\crawfjo02,SG,29,NOP,5,0,53,10.8,24.3,0.444,7.2,12.6,0.571,3.6,11.7,0.308,0.9,0.9,1,1.8,1.8,3.6,11.7,0.9,0.9,4.5,6.3,29.7,,116,113
Jae Crowder\crowdja01,SF,27,TOT,80,47,2090,6.4,15.9,0.404,2.6,8.1,0.323,3.8,7.8,0.488,2.9,3.5,0.818,1.4,5.1,6.5,2.3,1.5,0.5,1.7,4.4,18.3,,105,111
Jae Crowder\crowdja01,SF,27,CLE,53,47,1346,5.7,13.7,0.418,2.3,6.9,0.328,3.5,6.8,0.508,2.8,3.3,0.848,1.5,4.8,6.3,2.1,1.5,0.4,1.5,4.5,16.5,,109,113
Jae Crowder\crowdja01,SF,27,UTA,27,0,744,7.7,19.9,0.386,3.2,10.2,0.316,4.4,9.6,0.462,2.9,3.8,0.768,1.2,5.7,6.9,2.8,1.6,0.6,2.2,4.2,21.5,,99,106
Dante Cunningham\cunnida01,SF,30,TOT,73,25,1562,5,11.2,0.451,1.8,5.2,0.345,3.3,6,0.541,1,1.6,0.596,2.4,6.8,9.2,1.5,1.2,0.9,1,3.4,12.8,,110,110
Dante Cunningham\cunnida01,SF,30,NOP,51,24,1115,4.2,9.6,0.44,1.5,4.6,0.324,2.7,5,0.547,0.9,1.5,0.556,2.1,6.1,8.3,1.1,1.2,0.7,0.7,3.2,10.8,,110,111
Dante Cunningham\cunnida01,SF,30,BRK,22,1,447,7.1,15.1,0.468,2.5,6.5,0.383,4.6,8.6,0.532,1.2,1.7,0.688,3,8.4,11.4,2.4,1.3,1.5,1.8,3.9,17.8,,110,109
Stephen Curry\curryst01,PG,29,GSW,51,51,1631,12.6,25.5,0.495,6.3,14.8,0.423,6.4,10.7,0.595,8.2,8.9,0.921,1.1,6.6,7.7,9.2,2.4,0.2,4.5,3.4,39.8,,125,108
Troy Daniels\danietr01,SG,26,PHO,79,15,1622,6.8,17,0.403,5.4,13.5,0.4,1.4,3.5,0.419,1.7,1.9,0.875,0.4,3.4,3.7,1.4,0.8,0.1,1.7,4,20.7,,109,117
Anthony Davis\davisan02,PF,24,NOP,75,75,2727,13.7,25.6,0.534,1,2.8,0.34,12.7,22.8,0.558,8.7,10.5,0.828,3.3,11.3,14.6,3,2,3.4,2.8,2.8,36.9,,119,102
Deyonta Davis\davisde01,C,21,MEM,62,6,943,8.6,14.2,0.608,0,0,,8.6,14.2,0.608,2,3.1,0.667,4,9.4,13.4,2.1,0.8,2.1,1.7,6.7,19.3,,122,110
Ed Davis\davised01,C,28,POR,78,0,1471,5.7,9.9,0.582,0,0,0,5.7,9.8,0.584,2.5,3.8,0.667,6.2,13.3,19.4,1.4,1.1,1.8,2.2,6.4,14,,121,103
Dewayne Dedmon\dedmode01,C,28,ATL,62,46,1542,7.9,15.1,0.524,1.6,4.5,0.355,6.3,10.6,0.595,2.1,2.7,0.779,3.2,12.3,15.5,2.9,1.3,1.6,2.7,5.1,19.5,,111,107
Sam Dekker\dekkesa01,PF,23,LAC,73,1,883,7,14.3,0.494,0.6,3.3,0.167,6.5,11,0.593,2,3.1,0.661,2.4,7.2,9.6,2.1,1.3,0.5,1.8,3.9,16.7,,107,111
Malcolm Delaney\delanma01,PG,28,ATL,54,3,1014,5.3,13.7,0.382,2.2,6,0.371,3,7.8,0.391,3.6,4.4,0.804,0.4,4.4,4.8,7.9,1.7,0.3,3.2,4,16.3,,104,113
Matthew Dellavedova\dellama01,PG,27,MIL,38,3,712,3.9,10.6,0.362,2,5.5,0.372,1.8,5.2,0.351,1.8,1.9,0.926,1,3.5,4.5,10.2,1,0,3.4,4.7,11.5,,104,115
Luol Deng\denglu01,SF,32,LAL,1,1,13,3.7,7.4,0.5,0,0,,3.7,7.4,0.5,0,0,,0,0,0,3.7,3.7,0,3.7,0,7.4,,77,109
DeMar DeRozan\derozde01,SG,28,TOR,80,80,2711,11.7,25.7,0.456,1.6,5.2,0.31,10.1,20.5,0.494,8.4,10.2,0.825,1.1,4.7,5.7,7.6,1.5,0.4,3.2,2.7,33.5,,114,109
Cheick Diallo\diallch01,PF,21,NOP,52,0,581,8.4,14.5,0.58,0,0,,8.4,14.5,0.58,4.1,5.4,0.758,3.9,13.5,17.3,1.6,0.9,1.7,2.3,6.7,20.9,,118,105
Gorgui Dieng\dienggo01,C,28,MIN,79,0,1333,7,14.6,0.479,0.7,2.3,0.311,6.3,12.3,0.511,3,3.8,0.775,4,9.5,13.5,2.7,1.7,1.5,2.2,5.5,17.6,,112,109
Spencer Dinwiddie\dinwisp01,PG,24,BRK,80,58,2306,6.8,17.6,0.387,3,9.1,0.326,3.9,8.5,0.452,4.6,5.6,0.813,0.8,4.6,5.5,11,1.4,0.5,2.7,3.9,21.2,,114,112
Tyler Dorsey\dorsety01,SG,21,ATL,56,5,974,7.2,19.2,0.377,3.6,10,0.362,3.6,9.2,0.393,2.3,3.2,0.714,0.9,5.7,6.5,4,0.9,0.3,1.9,3.2,20.3,,100,114
Damyean Dotson\dotsoda01,SG,23,NYK,44,2,474,7.5,16.8,0.447,2.3,7.1,0.324,5.2,9.7,0.538,1.7,2.4,0.696,0.9,7.8,8.8,3.2,1.3,0.2,1.8,3.6,19,,106,112
Milton Doyle\doylemi01,SG,24,BRK,10,0,125,5,18.3,0.277,1.6,8.9,0.174,3.5,9.3,0.375,1.6,3.1,0.5,1.2,5.8,7,3.9,2.3,0.8,0.8,5,13.2,,81,109
PJ Dozier\doziepj01,PG,21,OKC,2,0,3,16.5,33.1,0.5,0,0,,16.5,33.1,0.5,0,0,,0,16.5,16.5,0,0,0,16.5,16.5,33.1,,59,107
Goran Dragi?\dragigo01,PG,31,MIA,75,75,2378,10.2,22.7,0.45,2.3,6.3,0.37,7.9,16.4,0.481,4.6,5.7,0.801,1.1,5.3,6.5,7.6,1.3,0.3,3.5,3.8,27.4,,108,109
Larry Drew II\drewla02,PG,27,TOT,10,0,70,4.8,16.4,0.292,2,6.1,0.333,2.7,10.2,0.267,0,0,,2,0,2,6.8,0,0,2,4.1,11.6,,87,117
Larry Drew II\drewla02,PG,27,PHI,3,0,15,3.2,22.4,0.143,0,9.6,0,3.2,12.8,0.25,0,0,,3.2,0,3.2,6.4,0,0,3.2,6.4,6.4,,51,114
Larry Drew II\drewla02,PG,27,NOP,7,0,55,5.2,14.8,0.353,2.6,5.2,0.5,2.6,9.5,0.273,0,0,,1.7,0,1.7,6.9,0,0,1.7,3.5,13,,101,118
Andre Drummond\drumman01,C,24,DET,78,78,2625,8.9,16.7,0.529,0,0.2,0,8.9,16.5,0.536,4.5,7.5,0.605,7.6,16.1,23.7,4.5,2.2,2.4,3.8,4.8,22.3,,113,99
Jared Dudley\dudleja01,PF,32,PHO,48,0,686,3.3,8.5,0.393,2,5.6,0.363,1.3,2.9,0.452,1.9,2.4,0.771,0.6,6,6.6,5.4,1.7,0.8,2,5.9,10.6,,110,113
Kris Dunn\dunnkr01,PG,23,CHI,52,43,1525,9.2,21.3,0.429,1.4,4.3,0.321,7.8,17,0.457,2.7,3.6,0.737,0.8,6.3,7.1,9.9,3.3,0.9,4.8,5.6,22.4,,96,107
Kevin Durant\duranke01,SF,29,GSW,68,68,2325,13.1,25.3,0.516,3.6,8.6,0.419,9.5,16.8,0.565,7.4,8.4,0.889,0.6,9,9.6,7.6,1,2.5,4.3,2.8,37.1,,119,107
Jarell Eddie\eddieja01,SF,26,TOT,3,0,9,0,11,0,0,11,0,0,0,,0,0,,0,5.5,5.5,0,5.5,0,0,0,0,,0,100
Jarell Eddie\eddieja01,SF,26,BOS,2,0,6,0,8.3,0,0,8.3,0,0,0,,0,0,,0,8.3,8.3,0,8.3,0,0,0,0,,0,90
Jarell Eddie\eddieja01,SF,26,CHI,1,0,3,0,16.3,0,0,16.3,0,0,0,,0,0,,0,0,0,0,0,0,0,0,0,,0,119
Henry Ellenson\ellenhe01,PF,21,DET,38,0,329,8,22.1,0.363,3,9.1,0.333,5,13,0.384,3.8,4.4,0.862,1.5,10.8,12.3,3,0.8,0,2.7,3.3,22.9,,95,108
Wayne Ellington\ellinwa01,SG,30,MIA,77,2,2041,7,17.2,0.407,5.6,14.2,0.392,1.4,3,0.479,1.6,1.9,0.859,0.6,4.8,5.4,1.9,1.3,0.2,1.3,2.3,21.3,,113,110
Joel Embiid\embiijo01,C,23,PHI,63,63,1912,12.8,26.6,0.483,1.7,5.4,0.308,11.2,21.2,0.527,9,11.7,0.769,3.6,13.8,17.4,5,1,2.8,5.9,5.3,36.3,,106,100
James Ennis\ennisja01,SF,27,TOT,72,22,1604,5.7,12,0.474,1.6,4.8,0.333,4.1,7.2,0.567,3,3.6,0.836,2.3,4.7,7,2.2,1.5,0.6,1.8,4.2,16.1,,115,112
James Ennis\ennisja01,SF,27,MEM,45,14,1053,5.2,10.7,0.486,1.4,4,0.357,3.7,6.6,0.565,3.1,3.5,0.877,2.5,5,7.5,2.4,1.5,0.6,1.8,3.9,14.9,,118,113
James Ennis\ennisja01,SF,27,DET,27,8,551,6.7,14.7,0.457,1.9,6.2,0.304,4.8,8.4,0.57,3,3.9,0.767,1.8,4.3,6.1,2,1.4,0.5,1.6,4.8,18.3,,111,110
Tyler Ennis\ennisty01,PG,23,LAL,54,11,683,6.6,15.7,0.42,1,3.9,0.25,5.6,11.8,0.476,1.5,2,0.759,1.3,5.3,6.7,7.4,2.1,0.7,2.7,5.3,15.7,,101,108
Jawun Evans\evansja01,PG,21,LAC,48,4,778,5.6,15.8,0.352,0.9,3.4,0.278,4.6,12.4,0.372,2.4,3.1,0.776,0.6,4.7,5.3,6.3,2.3,0.4,2.8,6.1,14.4,,90,111
Jeremy Evans\evansje01,SF,30,ATL,1,0,5,9.8,9.8,1,0,0,,9.8,9.8,1,0,0,,9.8,0,9.8,0,0,0,9.8,9.8,19.5,,96,119
Tyreke Evans\evansty01,PG,28,MEM,52,32,1607,11.5,25.5,0.452,3.6,9,0.399,7.9,16.5,0.482,5.2,6.6,0.785,1.4,7,8.3,8.5,1.8,0.5,3.7,3,31.8,,111,111
Dante Exum\exumda01,PG,22,UTA,14,0,235,9,18.6,0.483,1.1,3.8,0.278,7.9,14.7,0.536,5.3,6.6,0.806,0.9,4.7,5.5,9.2,1.7,0.6,4.3,4.3,24.3,,110,106
Kenneth Faried\farieke01,PF,28,DEN,32,7,461,8.2,15.9,0.514,0,0.1,0,8.2,15.8,0.517,3.9,5.5,0.706,7.3,9.1,16.5,1.9,1.3,1.4,2.5,5.5,20.2,,116,110
Derrick Favors\favorde01,C,26,UTA,77,77,2153,9.2,16.4,0.563,0.3,1.5,0.222,8.9,14.9,0.596,3.3,5,0.651,4.6,8.2,12.9,2.4,1.3,1.9,2,3.8,22,,119,104
Kay Felder\feldeka01,PG,22,TOT,16,0,140,7.3,24.4,0.3,1.4,6.6,0.211,5.9,17.8,0.333,3.8,4.2,0.917,1,5.2,6.3,7,1,0.3,5.6,3.8,19.9,,76,113
Kay Felder\feldeka01,PG,22,CHI,14,0,134,7.3,24,0.303,1.5,6.6,0.222,5.8,17.5,0.333,4,4.4,0.917,0.4,4.7,5.1,7.3,1.1,0.4,5.5,4,20,,77,114
Kay Felder\feldeka01,PG,22,DET,2,0,6,8.3,33.3,0.25,0,8.3,0,8.3,24.9,0.333,0,0,,16.6,16.6,33.3,0,0,0,8.3,0,16.6,,65,107
Cristiano Felício\feliccr01,C,25,CHI,55,16,977,6.3,10.7,0.591,0,0.1,0,6.3,10.6,0.596,2.7,4,0.667,4.1,7.5,11.6,2.7,0.8,0.5,2.7,5.2,15.4,,114,113
Raymond Felton\feltora01,PG,33,OKC,82,2,1365,8.1,20.1,0.406,2.9,8.4,0.352,5.2,11.7,0.444,1.3,1.6,0.818,0.9,4.8,5.7,7.4,1.8,0.6,2.8,3.3,20.5,,105,109
Terrance Ferguson\fergute01,SG,19,OKC,61,12,763,4.6,11,0.414,2.6,7.8,0.333,2,3.2,0.612,0.6,0.7,0.9,1.2,1.8,3.1,1.2,1.6,0.7,0.7,5.4,12.3,,115,111
Yogi Ferrell\ferreyo01,SG,24,DAL,82,21,2282,6.8,16.1,0.426,2.9,7.9,0.373,3.9,8.2,0.477,1.8,2.3,0.796,0.6,4.9,5.5,4.4,1.4,0.2,1.7,3.4,18.4,,107,112
Dorian Finney-Smith\finnedo01,PF,24,DAL,21,13,448,5.2,13.6,0.38,2.2,7.5,0.299,2.9,6.1,0.481,1.2,1.7,0.733,2.5,5.9,8.4,2.9,1.1,0.4,2.4,4.8,13.8,,96,111
Bryn Forbes\forbebr01,SG,24,SAS,80,12,1517,7,16.6,0.421,3,7.6,0.39,4,9,0.446,1.6,2.4,0.667,0.4,3.3,3.7,2.7,0.9,0.1,1.2,3.6,18.5,,106,110
Evan Fournier\fournev01,SF,25,ORL,57,57,1837,9.8,21.4,0.459,3.4,8.9,0.379,6.4,12.4,0.516,4,4.6,0.867,0.6,4.2,4.8,4.4,1.3,0.4,2.5,3.7,27,,110,113
De'Aaron Fox\foxde01,PG,20,SAC,73,60,2026,8.2,19.9,0.412,1.2,3.8,0.307,7,16.1,0.436,3.5,4.9,0.723,0.8,4.3,5.1,8,1.7,0.5,4.3,4.1,21.1,,94,113
Tim Frazier\fraziti01,PG,27,WAS,59,11,838,4,10.2,0.395,1,3.3,0.304,3,6.9,0.44,1.4,1.8,0.767,1.1,5.7,6.8,11.5,2.8,0.4,3.4,5.7,10.4,,105,107
Channing Frye\fryech01,C,34,TOT,53,1,695,7.3,14.9,0.491,2.7,8.1,0.339,4.6,6.8,0.67,1.2,1.3,0.895,0.8,8.6,9.5,2.7,1.3,0.9,1.5,4.8,18.5,,115,111
Channing Frye\fryech01,C,34,CLE,44,1,545,7.6,15.2,0.497,2.7,8.1,0.333,4.9,7.1,0.684,1.3,1.3,0.933,0.9,9,9.9,2.5,1.5,1.1,1.5,4.9,19.1,,115,110
Channing Frye\fryech01,C,34,LAL,9,0,150,6.4,13.7,0.465,2.9,8,0.36,3.5,5.7,0.611,1,1.3,0.75,0.6,7.3,8,3.2,0.3,0.3,1.3,4.8,16.6,,115,111
Markelle Fultz\fultzma01,SG,19,PHI,14,0,253,8.6,21.1,0.405,0,0.2,0,8.6,20.9,0.409,1.9,4,0.476,2.1,6.1,8.2,10.1,2.3,0.8,3.2,4.2,19,,96,105
Danilo Gallinari\gallida01,SF,29,LAC,21,21,671,7.4,18.6,0.398,2.6,8,0.324,4.8,10.5,0.455,5.9,6.3,0.931,0.7,6.7,7.3,3,0.9,0.7,1.9,2.2,23.3,,111,112
Langston Galloway\gallola01,SG,26,DET,58,2,863,7.3,19.7,0.371,4.3,12.6,0.344,2.9,7.1,0.418,1.9,2.4,0.805,0.8,4.6,5.3,3.4,2,0.3,1,2.3,20.8,,106,109
Marc Gasol\gasolma01,C,33,MEM,73,73,2408,9.1,21.7,0.42,2.3,6.7,0.341,6.8,15,0.456,5.9,7.1,0.834,1.6,10.8,12.4,6.4,1.1,2.1,4.1,3.9,26.4,,104,108
Pau Gasol\gasolpa01,C,37,SAS,77,63,1812,8,17.5,0.458,1.2,3.3,0.358,6.8,14.1,0.481,4.4,5.8,0.756,3.6,13.7,17.3,6.6,0.7,2.2,3,3.4,21.6,,112,102
Rudy Gay\gayru01,PF,31,SAS,57,6,1231,10.4,22,0.471,1.5,4.8,0.314,8.9,17.2,0.516,4.6,6,0.772,3.1,8.8,11.9,3,1.9,1.6,3.2,4,26.9,,106,103
Paul George\georgpa01,SF,27,OKC,79,79,2891,9.9,23,0.43,4.2,10.5,0.401,5.7,12.5,0.454,5.8,7.1,0.822,1.2,6.4,7.7,4.5,2.8,0.7,3.6,4,29.8,,112,106
Marcus Georges-Hunt\georgma01,SG,23,MIN,42,0,224,4.7,10.7,0.438,0.9,3.3,0.267,3.8,7.4,0.515,2.9,4.7,0.619,1.6,2,3.6,1.6,1.3,0,0.7,7.1,13.2,,112,116
Jonathan Gibson\gibsojo01,PG,30,BOS,4,0,40,17.5,28.7,0.609,7.5,15,0.5,10,13.7,0.727,0,0,,0,3.7,3.7,5,0,0,3.7,6.2,42.5,,122,111
Taj Gibson\gibsota01,PF,32,MIN,82,82,2726,7.8,13.5,0.577,0.1,0.6,0.2,7.7,12.9,0.595,2.6,3.4,0.768,3.6,7.2,10.7,1.8,1.1,1.1,1.6,4,18.3,,123,112
Manu Ginóbili\ginobma01,SG,40,SAS,65,0,1299,7.8,18,0.434,2.5,7.5,0.333,5.3,10.5,0.506,4.3,5.1,0.84,0.7,4.8,5.5,6.3,1.7,0.6,4.1,4.9,22.4,,103,107
Rudy Gobert\goberru01,C,25,UTA,56,56,1816,7.6,12.3,0.622,0,0,,7.6,12.3,0.622,5.6,8.3,0.682,4.6,12,16.6,2.2,1.2,3.6,3,4.2,20.9,,122,99
Aaron Gordon\gordoaa01,PF,22,ORL,58,57,1909,9.6,22.2,0.434,2.9,8.8,0.336,6.7,13.4,0.497,4,5.8,0.698,2.2,9.5,11.7,3.5,1.5,1.2,2.7,2.8,26.2,,103,109
Eric Gordon\gordoer01,SG,29,HOU,69,30,2154,9.5,22.2,0.428,5,13.9,0.359,4.5,8.3,0.544,4.5,5.5,0.809,0.6,3.3,3.9,3.5,1,0.6,3,2.6,28.4,,110,110
Marcin Gortat\gortama01,C,33,WAS,82,82,2075,6.9,13.4,0.518,0,0,,6.9,13.4,0.518,2.6,3.9,0.675,4.3,10.6,14.9,3.6,1,1.5,2.4,4.2,16.5,,112,107
Treveon Graham\grahatr01,SG,24,CHO,63,2,1050,4.5,10.3,0.434,1.9,4.5,0.412,2.6,5.8,0.452,1.9,2.7,0.695,2,3.7,5.6,2.7,1.5,0.1,1.3,5.1,12.7,,114,112
Jerami Grant\grantje01,PF,23,OKC,81,1,1647,7.4,13.7,0.535,1,3.3,0.291,6.4,10.4,0.613,4.9,7.2,0.675,2.6,7,9.6,1.7,0.9,2.3,1.6,4.7,20.6,,122,108
Jerian Grant\grantje02,PG,25,CHI,74,26,1686,6.1,14.6,0.416,1.8,5.4,0.326,4.3,9.1,0.468,4.1,5.4,0.745,0.9,4.1,5,9.9,1.8,0.2,2.6,3.8,17.9,,112,112
Josh Gray\grayjo01,PG,24,PHO,5,0,86,6.1,22.8,0.268,1.7,7.2,0.231,4.5,15.6,0.286,3.9,6.1,0.636,1.1,4.5,5.6,6.7,4.5,1.1,3.9,4.5,17.8,,76,107
Danny Green\greenda02,SG,30,SAS,70,60,1791,6.1,15.8,0.387,3.3,9,0.363,2.8,6.8,0.419,1.4,1.8,0.769,1.2,5.9,7,3.1,1.8,2.3,2.1,3.4,16.9,,100,104
Draymond Green\greendr01,PF,27,GSW,70,70,2287,5.9,13,0.454,1.6,5.4,0.301,4.3,7.6,0.562,2.8,3.6,0.775,1.6,9.7,11.3,10.7,2,1.9,4.3,3.9,16.3,,110,105
Gerald Green\greenge01,SG,32,HOU,41,2,929,8.9,21.9,0.407,5.8,15.8,0.369,3.1,6.1,0.504,2.7,3.2,0.85,0.8,6.2,7,1.3,1.3,0.8,1.6,4.6,26.3,,109,108
JaMychal Green\greenja01,PF,27,MEM,55,54,1542,7.3,16,0.457,1.4,4.2,0.339,5.9,11.8,0.499,2.6,3.6,0.721,4.8,10.4,15.2,2.6,1,0.8,2.5,5,18.7,,108,110
Jeff Green\greenje02,PF,31,CLE,78,13,1828,7.9,16.6,0.477,1.4,4.6,0.312,6.5,12,0.54,5.4,6.3,0.868,1.6,5,6.6,2.7,1.1,0.9,2,4,22.7,,115,114
Blake Griffin\griffbl01,PF,28,TOT,58,58,1970,10.9,24.8,0.438,2.8,8,0.345,8.1,16.8,0.482,6.5,8.2,0.785,1.8,8.9,10.7,8.3,1,0.4,4.1,3.5,31,,109,110
Blake Griffin\griffbl01,PF,28,LAC,33,33,1139,10.9,24.7,0.441,2.7,8,0.342,8.2,16.7,0.488,7.3,9.3,0.785,2,9.2,11.2,7.6,1.3,0.4,4.2,3.3,31.8,,110,110
Blake Griffin\griffbl01,PF,28,DET,25,25,831,10.9,25.1,0.433,2.8,8.1,0.348,8,17,0.473,5.2,6.7,0.784,1.6,8.3,10,9.3,0.7,0.5,4,3.7,29.8,,108,109
Daniel Hamilton\hamilda02,SG,22,OKC,6,0,28,8.9,19.5,0.455,3.5,8.9,0.4,5.3,10.6,0.5,0,0,,0,8.9,8.9,14.2,1.8,0,3.5,3.5,21.3,,118,108
Tim Hardaway Jr.\hardati02,SG,25,NYK,57,54,1885,9.5,22.5,0.421,3.4,10.8,0.317,6,11.7,0.516,3.8,4.7,0.816,0.8,5,5.9,4.1,1.6,0.3,2.4,3.2,26.2,,106,113
James Harden\hardeja01,SG,28,HOU,72,72,2551,12.6,27.9,0.449,5.1,13.9,0.367,7.4,14,0.531,12,14,0.858,0.8,6.7,7.5,12.2,2.4,1,6.1,3.3,42.3,,120,105
Maurice Harkless\harklma01,SF,24,POR,59,36,1264,5.8,11.7,0.495,1.9,4.6,0.415,3.9,7,0.547,1.7,2.3,0.712,1.8,4.6,6.4,2.1,1.9,1.7,1.6,4.1,15.2,,117,106
Montrezl Harrell\harremo01,C,24,LAC,76,3,1293,13.1,20.6,0.635,0,0.3,0.143,13,20.3,0.641,5.2,8.3,0.626,3.9,7.6,11.5,2.8,1.4,2,2.6,5.4,31.4,,124,109
Devin Harris\harride01,PG,34,TOT,71,1,1340,7,16.9,0.412,2.9,8.5,0.348,4,8.5,0.476,5.3,6.3,0.835,0.4,4.3,4.7,5.7,1.8,0.4,2.8,5.9,22.2,,110,111
Devin Harris\harride01,PG,34,DAL,44,1,807,7.3,17.7,0.415,2.7,7.8,0.352,4.6,9.9,0.465,5.8,7,0.83,0.6,4.7,5.3,5.3,2.1,0.5,3,6.4,23.2,,107,110
Devin Harris\harride01,PG,34,DEN,27,0,533,6.4,15.8,0.406,3.3,9.5,0.343,3.2,6.3,0.5,4.6,5.4,0.845,0.3,3.6,3.9,6.2,1.3,0.4,2.5,5.1,20.6,,115,114
Gary Harris\harriga01,SG,23,DEN,67,65,2304,9.5,19.5,0.485,3.4,8.5,0.396,6.1,11.1,0.553,2.9,3.5,0.827,0.8,3,3.8,4.2,2.6,0.3,2.6,2.6,25.2,,115,112
Joe Harris\harrijo01,SG,26,BRK,78,14,1975,7.5,15.3,0.491,3.7,8.8,0.419,3.8,6.5,0.589,2.1,2.6,0.827,1.3,5.1,6.4,3.1,0.9,0.5,2.2,3.8,20.8,,116,113
Tobias Harris\harrito02,PF,25,TOT,80,80,2668,10.4,22.6,0.46,3.4,8.2,0.411,7,14.4,0.488,3.3,4,0.829,1.1,7,8.1,3.6,1.3,0.6,1.9,3,27.5,,112,110
Tobias Harris\harrito02,PF,25,DET,48,48,1563,10.2,22.6,0.451,3.6,8.8,0.409,6.6,13.8,0.478,3.7,4.3,0.846,1.1,6.6,7.8,3,1.1,0.5,1.6,2.9,27.7,,113,109
Tobias Harris\harrito02,PF,25,LAC,32,32,1105,10.6,22.5,0.473,3.1,7.4,0.414,7.6,15.1,0.501,2.8,3.5,0.8,1,7.5,8.5,4.3,1.6,0.9,2.4,3.2,27.2,,111,110
Aaron Harrison\harriaa01,SG,23,DAL,9,3,233,4.1,14.9,0.275,1.9,9.3,0.209,2.2,5.6,0.385,2.8,3.7,0.765,0.9,4.3,5.2,2.4,1.9,0.4,0.6,5.8,12.9,,87,110
Andrew Harrison\harrian01,PG,23,MEM,56,46,1326,6.9,16.4,0.422,1.8,5.4,0.331,5.1,10.9,0.467,4.7,6.1,0.78,0.9,4.1,5,6.7,1.4,1,3.1,5.3,20.3,,106,113
Shaquille Harrison\harrish01,PG,24,PHO,23,2,384,7.4,15.5,0.476,0.7,3.2,0.231,6.6,12.2,0.541,3.5,4.7,0.737,1.1,6.5,7.6,6.9,3.2,0.9,2.7,5.2,18.9,,109,109
Josh Hart\hartjo01,SG,22,LAL,63,23,1461,5.8,12.3,0.469,2.6,6.5,0.396,3.2,5.8,0.551,2.2,3.1,0.702,1.4,7.2,8.6,2.6,1.5,0.5,1.5,3.5,16.2,,116,109
Udonis Haslem\hasleud01,C,37,MIA,14,0,72,2.1,10.5,0.2,0.7,5.6,0.125,1.4,4.9,0.286,0.7,1.4,0.5,2.1,4.9,7,3.5,0,1.4,1.4,2.1,5.6,,71,111
Nigel Hayes\hayesni01,SF,23,TOT,9,0,122,4.5,13.6,0.333,1.6,6.6,0.25,2.9,7,0.412,0.4,1.2,0.333,1.6,7.4,9.1,2.5,0.8,1.2,0.8,3.3,11.1,,82,112
Nigel Hayes\hayesni01,SF,23,LAL,2,0,11,4.3,13,0.333,0,8.7,0,4.3,4.3,1,4.3,4.3,1,0,0,0,8.7,0,0,0,0,13,,117,117
Nigel Hayes\hayesni01,SF,23,TOR,2,0,6,16.4,16.4,1,16.4,16.4,1,0,0,,0,0,,0,0,0,0,0,0,8.2,0,49.3,,102,115
Nigel Hayes\hayesni01,SF,23,SAC,5,0,105,3.9,13.5,0.286,1,5.8,0.167,2.9,7.7,0.375,0,1,0,1.9,8.7,10.6,1.9,1,1.4,0.5,3.9,8.7,,77,111
Gordon Hayward\haywago01,SF,27,BOS,1,1,5,10,20,0.5,0,10,0,10,10,1,0,0,,0,10,10,0,0,0,0,10,20,,99,107
Reggie Hearn\hearnre01,SG,26,DET,3,0,7,7.1,14.3,0.5,7.1,14.3,0.5,0,0,,0,0,,0,0,0,0,0,0,0,0,21.4,,143,116
Myke Henry\henrymy01,SF,25,MEM,20,0,378,5.5,14.6,0.376,2.5,7.8,0.328,2.9,6.8,0.431,0.8,1.3,0.6,1.3,3.7,5.1,2.9,4.1,0.8,2.5,3.7,14.3,,91,107
John Henson\hensojo01,C,27,MIL,76,69,1970,7.3,12.7,0.572,0,0.2,0.143,7.2,12.5,0.578,2.3,4,0.57,3.8,9.2,13,2.9,1.1,2.8,2.1,5.1,16.8,,115,108
Juan Hernangómez\hernaju01,PF,22,DEN,25,3,277,5.2,13.4,0.387,2.5,8.9,0.28,2.7,4.5,0.6,1.8,2.1,0.833,3.2,6.4,9.7,2.1,1.1,0.5,1.6,4.5,14.7,,109,113
Willy Hernangómez\hernawi01,C,23,TOT,48,1,495,9,16.3,0.555,0.5,1.2,0.417,8.5,15.1,0.566,5.9,8.9,0.656,6.1,12.1,18.2,3.3,1.8,1.6,3.5,6.4,24.4,,117,106
Willy Hernangómez\hernawi01,C,23,NYK,26,0,233,10.4,17.2,0.605,0.2,1.1,0.2,10.2,16.2,0.632,2.6,6,0.429,4.7,9.6,14.3,4.5,1.7,1.5,5.5,6.8,23.6,,102,108
Willy Hernangómez\hernawi01,C,23,CHO,22,1,262,7.8,15.5,0.506,0.7,1.3,0.571,7.1,14.1,0.5,8.7,11.5,0.758,7.3,14.3,21.6,2.2,1.9,1.7,1.7,6,25.1,,131,104
Mario Hezonja\hezonma01,SF,22,ORL,75,30,1657,8.1,18.2,0.442,2.7,7.9,0.337,5.4,10.3,0.523,2.5,3.1,0.819,1.2,7.1,8.3,3.1,2.4,0.9,2.5,4,21.3,,103,108
Isaiah Hicks\hicksis01,PF,23,NYK,18,0,240,6.8,14.9,0.458,0.4,1.9,0.222,6.4,13,0.492,2.5,3.7,0.667,2.1,6.4,8.5,3.3,0.4,0.8,3.3,9.3,16.5,,95,113
Buddy Hield\hieldbu01,SG,25,SAC,80,12,2024,10.4,23.3,0.446,4.4,10.2,0.431,6,13.1,0.457,1.8,2,0.877,1.4,6.3,7.7,3.9,2.1,0.5,3.1,3.7,27,,104,111
Nenê\hilarne01,C,35,HOU,52,4,758,8.8,15.5,0.569,0,0.1,0,8.8,15.4,0.574,4.4,6.9,0.636,3.5,7.9,11.4,2.9,1.8,0.9,2.5,8,22.1,,117,105
George Hill\hillge01,PG,31,TOT,67,60,1812,6.5,14.1,0.46,2.3,5.7,0.415,4.2,8.5,0.49,3,3.9,0.786,1.2,3.8,5,5.1,1.7,0.7,2.4,3.5,18.4,,113,113
George Hill\hillge01,PG,31,SAC,43,36,1143,6.8,14.4,0.469,2.6,5.7,0.453,4.2,8.8,0.48,3.4,4.4,0.778,1,4.2,5.2,5.3,1.7,0.5,2.7,3.3,19.5,,113,113
George Hill\hillge01,PG,31,CLE,24,24,669,6.1,13.7,0.444,2,5.6,0.351,4.1,8.1,0.509,2.4,3,0.805,1.5,3.2,4.7,4.9,1.6,1.1,2.1,3.9,16.5,,112,113
Solomon Hill\hillso01,SF,26,NOP,12,1,187,2.8,10.5,0.268,1,5.4,0.19,1.8,5.1,0.35,0.8,1.5,0.5,2.3,6.9,9.2,5.6,1.8,0.3,2.3,5.6,7.4,,84,109
Darrun Hilliard\hillida01,SG,24,SAS,14,0,95,2.7,10.1,0.263,0,3.2,0,2.7,6.9,0.385,3.2,3.7,0.857,0,3.7,3.7,5.9,1.1,0,2.1,3.7,8.5,,84,110
Jrue Holiday\holidjr01,SG,27,NOP,81,81,2927,10,20.3,0.494,2,5.8,0.337,8.1,14.5,0.557,3,3.9,0.786,1,4.9,6,7.9,2,1,3.5,3.3,25.1,,110,109
Justin Holiday\holidju01,SG,28,CHI,72,72,2265,6.3,16.9,0.371,3.5,9.7,0.359,2.8,7.2,0.387,2.9,3.5,0.823,0.7,5.6,6.3,3.3,1.7,0.7,2,2.9,18.9,,100,111
John Holland\hollajo02,SF,29,CLE,24,0,174,4.8,16.6,0.288,3.1,10.1,0.306,1.7,6.5,0.261,2.5,3.7,0.692,1.7,5.1,6.8,1.4,2,0.6,2.3,2.8,15.2,,84,112
Rondae Hollis-Jefferson\holliro01,SF,23,BRK,68,59,1920,8.6,18.3,0.472,0.3,1.4,0.241,8.3,16.9,0.491,6.3,8,0.788,2.6,9.1,11.6,4.2,1.6,1.2,3.1,3.7,23.9,,108,109
Richaun Holmes\holmeri01,C,24,PHI,48,2,746,8.7,15.5,0.56,0.3,2,0.129,8.4,13.5,0.624,2.4,3.6,0.661,3.7,9.9,13.6,3.9,1.3,1.9,1.6,6.3,20.1,,121,103
Rodney Hood\hoodro01,SG,25,TOT,60,23,1616,9.9,23.1,0.429,3.9,10.3,0.381,6,12.9,0.467,3.4,4,0.86,0.7,4.4,5.1,2.9,1.4,0.4,2.2,3.2,27.2,,106,110
Rodney Hood\hoodro01,SG,25,UTA,39,12,1084,10.8,25.5,0.424,4.7,12.1,0.389,6.1,13.4,0.455,3.9,4.5,0.876,0.6,4.5,5.1,3,1.4,0.3,2.9,3,30.3,,104,107
Rodney Hood\hoodro01,SG,25,CLE,21,11,532,8.1,18.3,0.442,2.3,6.5,0.352,5.8,11.8,0.492,2.4,2.9,0.813,0.7,4.2,5,2.8,1.4,0.5,0.6,3.8,20.9,,111,114
Scotty Hopson\hopsosc01,SG,28,DAL,1,0,8,0,6.3,0,0,0,,0,6.3,0,6.3,12.5,0.5,0,0,0,6.3,0,0,6.3,0,6.3,,53,118
Al Horford\horfoal01,C,31,BOS,72,72,2277,8.1,16.5,0.489,2.1,5,0.429,5.9,11.6,0.514,2.1,2.6,0.783,2.3,9.4,11.6,7.4,0.9,1.7,2.9,3,20.3,,115,103
Danuel House\houseda01,SG,24,PHO,23,3,403,6.7,15.3,0.434,1.8,6.9,0.259,4.9,8.4,0.577,3,3.7,0.806,1.5,7.5,9,3,0.8,0.7,1.3,2.7,18.1,,111,114
Dwight Howard\howardw01,C,32,CHO,81,81,2463,10,18,0.555,0,0.1,0.143,10,17.9,0.559,6.6,11.5,0.574,5,15,20,2.1,1,2.6,4.1,4.9,26.7,,108,104
Josh Huestis\huestjo01,PF,26,OKC,69,10,982,3,9.2,0.33,1.7,5.8,0.287,1.4,3.4,0.403,0.3,1,0.3,2.1,6,8.1,1,0.8,2.2,1.3,4.1,8,,91,109
R.J. Hunter\hunterj01,SG,24,HOU,5,1,45,7.7,21.9,0.35,3.3,15.3,0.214,4.4,6.6,0.667,2.2,2.2,1,0,5.5,5.5,3.3,3.3,0,2.2,7.7,20.8,,92,105
Vince Hunter\huntevi01,PF,23,MEM,4,0,7,21.7,36.1,0.6,0,0,,21.7,36.1,0.6,0,0,,14.4,7.2,21.7,0,0,7.2,7.2,0,43.3,,104,107
Serge Ibaka\ibakase01,PF,28,TOR,76,76,2093,8.9,18.5,0.483,2.5,7,0.36,6.4,11.5,0.559,2.2,2.8,0.797,1.8,9.4,11.3,1.5,0.7,2.3,2.1,4.9,22.6,,109,105
Andre Iguodala\iguodan01,SF,34,GSW,64,7,1622,4.4,9.5,0.463,1,3.5,0.282,3.4,6,0.567,1.6,2.6,0.632,1.5,5.8,7.3,6.2,1.6,1.1,2,2.9,11.4,,113,109
Ersan ?lyasova\ilyaser01,PF,30,TOT,69,43,1729,7.8,17.2,0.452,2.6,7.1,0.36,5.2,10.1,0.517,3,3.8,0.778,3.3,8.1,11.4,2.5,1.7,0.7,2,4.4,21.1,,111,108
Ersan ?lyasova\ilyaser01,PF,30,ATL,46,40,1175,7.6,16.7,0.459,2.5,7.1,0.359,5.1,9.6,0.532,3,3.7,0.8,3.1,7.4,10.4,2.1,1.8,0.7,1.8,3.8,20.8,,113,110
Ersan ?lyasova\ilyaser01,PF,30,PHI,23,3,554,8.1,18.4,0.439,2.6,7.2,0.361,5.5,11.2,0.488,2.9,3.9,0.733,3.8,9.5,13.4,3.4,1.5,0.8,2.5,5.6,21.6,,109,104
Joe Ingles\inglejo01,SF,30,UTA,82,81,2578,6.5,14,0.467,4,9,0.44,2.5,4.9,0.516,1.3,1.6,0.795,0.5,6.2,6.7,7.6,1.8,0.4,3.1,3.5,18.3,,115,106
Andre Ingram\ingraan01,SG,32,LAL,2,0,64,6,12.7,0.471,3.7,6.7,0.556,2.2,6,0.375,2.2,2.2,1,0.7,3.7,4.5,5.2,2.2,2.2,2.2,2.2,17.9,,124,107
Brandon Ingram\ingrabr01,SF,20,LAL,59,59,1975,8.7,18.4,0.47,1,2.5,0.39,7.7,15.9,0.483,4.7,6.8,0.681,1.4,6.2,7.6,5.6,1.1,1,3.6,3.9,23,,104,109
Kyrie Irving\irvinky01,PG,25,BOS,60,60,1931,13.8,28.1,0.491,4.3,10.5,0.408,9.5,17.6,0.541,6,6.8,0.889,0.9,5,5.9,7.9,1.7,0.4,3.6,3.2,37.9,,118,106
Jonathan Isaac\isaacjo01,PF,20,ORL,27,10,536,5,13.2,0.379,1.5,4.2,0.348,3.6,9,0.394,1.7,2.3,0.76,1.5,7.6,9,1.6,3,2.7,2.5,4.4,13.2,,87,104
Wesley Iwundu\iwundwe01,SF,23,ORL,62,12,1020,4.5,10.5,0.427,0.4,2.2,0.196,4,8.3,0.488,1.6,2.3,0.723,1.7,4.8,6.6,2.7,1.6,0.6,1.4,3.9,11,,100,112
Jarrett Jack\jackja01,PG,34,NYK,62,56,1548,6.1,14.2,0.427,0.8,2.8,0.291,5.3,11.4,0.459,2,2.4,0.84,0.7,5.4,6.1,11.1,1.1,0.1,3.7,3.1,14.9,,103,114
Aaron Jackson\jacksaa01,PG,31,HOU,1,0,35,4.2,12.7,0.333,1.4,5.6,0.25,2.8,7,0.4,1.4,2.8,0.5,2.8,1.4,4.2,1.4,0,0,1.4,5.6,11.2,,91,114
Demetrius Jackson\jacksde01,PG,23,TOT,15,0,80,4.3,11,0.389,0.6,4.3,0.143,3.7,6.7,0.545,0.6,1.2,0.5,3.1,4.3,7.3,5.5,3.1,0.6,6.1,4.3,9.8,,77,105
Demetrius Jackson\jacksde01,PG,23,HOU,12,0,63,3.1,10.9,0.286,0,4.7,0,3.1,6.2,0.5,0,0,,3.1,5.5,8.6,3.9,3.1,0.8,7,4.7,6.2,,58,104
Demetrius Jackson\jacksde01,PG,23,PHI,3,0,17,8.5,11.3,0.75,2.8,2.8,1,5.7,8.5,0.667,2.8,5.7,0.5,2.8,0,2.8,11.3,2.8,0,2.8,2.8,22.6,,150,108
Josh Jackson\jacksjo02,SF,20,PHO,77,35,1959,9.5,22.8,0.417,1.4,5.3,0.263,8.1,17.5,0.464,4.3,6.8,0.634,2.3,6.3,8.6,2.9,2,0.9,3.6,5.3,24.7,,93,112
Justin Jackson\jacksju01,SF,22,SAC,68,41,1506,6.2,14.1,0.442,1.9,6.2,0.308,4.3,7.9,0.547,0.9,1.2,0.722,0.9,5.4,6.3,2.5,0.9,0.4,1.3,2.7,15.2,,103,114
Reggie Jackson\jacksre01,PG,27,DET,45,45,1201,10.2,24,0.426,2.2,7,0.308,8.1,16.9,0.475,4.7,5.6,0.836,1.2,4,5.2,9.9,1.1,0.2,4.1,3.6,27.2,,105,111
LeBron James\jamesle01,PF,33,CLE,82,82,3026,13.9,25.6,0.542,2.4,6.6,0.367,11.5,19,0.603,6.3,8.6,0.731,1.6,9.9,11.5,12.1,1.9,1.1,5.6,2.2,36.4,,118,109
Mike James\jamesmi02,PG,27,TOT,36,10,687,8.6,22.4,0.383,1.8,6.8,0.265,6.8,15.5,0.435,4.5,5.9,0.762,0.9,5.4,6.3,8.8,2,0.5,3.4,3.3,23.4,,99,113
Mike James\jamesmi02,PG,27,PHO,32,10,669,8.7,22.3,0.388,1.9,6.9,0.268,6.8,15.4,0.442,4.6,6,0.762,0.9,5.5,6.4,8.6,1.9,0.5,3.4,3.2,23.8,,100,113
Mike James\jamesmi02,PG,27,NOP,4,0,18,5.3,23.9,0.222,0,2.7,0,5.3,21.2,0.25,0,0,,2.7,0,2.7,15.9,2.7,0,2.7,8,10.6,,77,111
Al Jefferson\jeffeal01,C,33,IND,36,1,484,11.5,21.5,0.534,0,0.3,0,11.5,21.2,0.541,3.1,3.7,0.833,3.1,11.7,14.8,3.1,1.7,2.4,2.2,6.8,26,,113,104
Richard Jefferson\jefferi01,SF,37,DEN,20,0,163,3.6,8.2,0.444,0.6,2.1,0.286,3,6.1,0.5,1.2,2.1,0.571,0.6,4.6,5.2,4.6,0.6,0.3,1.5,3.3,9.1,,106,115
Brandon Jennings\jennibr01,PG,28,MIL,14,0,205,6.6,17.5,0.375,2.2,8,0.273,4.4,9.5,0.462,2.4,2.4,1,1.2,6.3,7.5,10.7,1.5,1,4.4,2.7,17.8,,99,111
Jonas Jerebko\jerebjo01,PF,30,UTA,74,19,1134,7,15.1,0.466,2.9,6.9,0.414,4.2,8.1,0.511,2,2.5,0.807,2.3,8.5,10.9,1.9,1.1,0.5,1.2,5.6,19,,118,106
Amir Johnson\johnsam01,C,30,PHI,74,18,1171,5.8,10.7,0.538,0.4,1.3,0.313,5.3,9.4,0.57,2.1,3.5,0.612,5.1,8.5,13.6,4.8,1.8,1.8,2.3,7.9,14,,121,103
Brice Johnson\johnsbr02,PF,23,TOT,18,0,98,10.2,21.3,0.476,0,0.5,0,10.2,20.8,0.488,1.5,2.5,0.6,4.6,11.2,15.8,1,4.6,3,2.5,6.6,21.8,,96,99
Brice Johnson\johnsbr02,PF,23,LAC,9,0,38,9,14.1,0.636,0,1.3,0,9,12.8,0.7,2.6,2.6,1,2.6,14.1,16.6,1.3,7.7,2.6,5.1,9,20.5,,103,90
Brice Johnson\johnsbr02,PF,23,MEM,9,0,60,11,26.1,0.419,0,0,,11,26.1,0.419,0.8,2.5,0.333,5.9,9.3,15.2,0.8,2.5,3.4,0.8,5.1,22.8,,93,105
Dakari Johnson\johnsda04,C,22,OKC,31,6,161,6.8,12,0.564,0,0,,6.8,12,0.564,3.4,6.2,0.55,4.9,5.5,10.5,2.5,1.8,2.5,0.9,8.3,17,,128,106
James Johnson\johnsja01,PF,30,MIA,73,41,1943,8,15.9,0.503,1.5,4.8,0.308,6.5,11.1,0.587,2.9,4.2,0.698,1.6,7.7,9.3,7.2,1.8,1.3,3.6,5,20.4,,109,105
Joe Johnson\johnsjo02,SF,36,TOT,55,4,1205,6,14.9,0.406,1.7,6,0.276,4.4,8.9,0.493,1.7,1.9,0.889,0.6,6.5,7.1,3.4,0.7,0.3,2,2.8,15.4,,98,109
Joe Johnson\johnsjo02,SF,36,UTA,32,3,700,6.8,16.2,0.42,1.6,6,0.274,5.2,10.2,0.507,1.4,1.7,0.833,0.9,6.8,7.7,3.2,0.9,0.4,2.2,2.3,16.7,,96,107
Joe Johnson\johnsjo02,SF,36,HOU,23,1,505,5,13.1,0.381,1.7,5.9,0.279,3.3,7.1,0.466,1.9,2,0.952,0.2,6.1,6.3,3.7,0.6,0.1,1.8,3.4,13.5,,100,110
Omari Johnson\johnsom01,PF,28,MEM,4,0,75,6.1,14.2,0.429,2.7,8.1,0.333,3.4,6.1,0.556,0,0,,2.7,4.7,7.4,4.7,1.3,0,2,4,14.8,,108,114
Stanley Johnson\johnsst04,SF,21,DET,69,50,1894,5.5,14.7,0.375,1.8,6.2,0.286,3.8,8.6,0.439,2.9,3.8,0.772,0.9,5.8,6.6,2.9,2.5,0.4,2,4.5,15.8,,97,107
Tyler Johnson\johnsty01,PG,25,MIA,72,39,2052,7.6,17.4,0.435,2.9,7.9,0.367,4.6,9.5,0.491,2.6,3.2,0.822,0.8,5.2,6.1,4,1.5,0.8,2,3.6,20.6,,109,108
Wesley Johnson\johnswe01,SF,30,LAC,74,40,1486,4.9,12,0.408,2,5.8,0.339,2.9,6.2,0.471,1.4,1.9,0.741,0.9,6.1,7.1,2,2.5,2,1.8,4.8,13.2,,99,107
Nikola Joki?\jokicni01,C,22,DEN,75,73,2443,10.2,20.5,0.499,2.3,5.7,0.396,8,14.8,0.538,5.4,6.4,0.85,4,12.3,16.3,9.3,1.8,1.2,4.3,4.3,28.1,,121,107
Damian Jones\jonesda03,C,22,GSW,15,0,89,6,11.9,0.5,0,0,,6,11.9,0.5,1.6,2.7,0.6,2.7,4.9,7.6,1.1,0.5,1.6,2.2,7.6,13.5,,99,111
Derrick Jones Jr.\jonesde02,SF,20,TOT,20,8,245,4.3,10.8,0.396,0.6,3.7,0.167,3.7,7.1,0.514,3.3,4.9,0.667,4.3,3.5,7.7,1.8,0.8,2.6,1.4,4.9,12.4,,107,109
Derrick Jones Jr.\jonesde02,SF,20,PHO,6,0,33,2.9,5.8,0.5,0,2.9,0,2.9,2.9,1,7.3,8.7,0.833,2.9,2.9,5.8,4.4,1.5,5.8,1.5,2.9,13.1,,141,109
Derrick Jones Jr.\jonesde02,SF,20,MIA,14,8,212,4.5,11.6,0.388,0.7,3.8,0.188,3.8,7.8,0.485,2.6,4.3,0.611,4.5,3.6,8.1,1.4,0.7,2.1,1.4,5.2,12.3,,103,109
Jalen Jones\jonesja04,SF,24,TOT,16,0,181,7.2,18.8,0.382,2.8,7.2,0.385,4.4,11.6,0.381,3.3,5.2,0.632,3.6,6.9,10.5,1.1,1.4,0.3,1.9,6.1,20.4,,98,110
Jalen Jones\jonesja04,SF,24,NOP,4,0,19,2.5,10.1,0.25,2.5,2.5,1,0,7.5,0,5,5,1,0,7.5,7.5,0,0,0,0,5,12.6,,111,113
Jalen Jones\jonesja04,SF,24,DAL,12,0,162,7.7,19.8,0.391,2.8,7.7,0.36,5,12.1,0.41,3.1,5.3,0.588,4,6.8,10.8,1.2,1.5,0.3,2.2,6.2,21.4,,97,110
Tyus Jones\jonesty01,PG,21,MIN,82,11,1467,5.1,11.2,0.457,1.5,4.4,0.349,3.6,6.8,0.528,2.4,2.8,0.877,0.5,4,4.5,7.9,3.2,0.2,2,3.7,14.2,,119,110
DeAndre Jordan\jordade01,C,29,LAC,77,77,2424,7.5,11.6,0.645,0,0,,7.5,11.6,0.645,3.6,6.3,0.58,6.6,16.9,23.5,2.3,0.8,1.4,2.7,4.1,18.6,,125,105
Cory Joseph\josepco01,PG,26,IND,82,17,2210,5.8,13.7,0.424,1.5,4.3,0.353,4.3,9.4,0.457,1.6,2.1,0.745,0.9,5.1,5.9,5.9,1.8,0.4,2,3.2,14.7,,106,110
Frank Kaminsky\kaminfr01,PF,24,CHO,79,4,1835,8.2,19,0.429,2.8,7.3,0.38,5.4,11.7,0.459,4.1,5.2,0.799,1.2,6.4,7.7,3.4,1,0.5,1.8,2.5,23.2,,110,111
Enes Kanter\kanteen01,C,25,NYK,71,71,1830,11.4,19.3,0.592,0,0.1,0,11.4,19.3,0.594,4.2,5,0.848,7.4,13.7,21.1,2.8,1,1,3.3,5.1,27.1,,122,108
Luke Kennard\kennalu01,SG,21,DET,73,9,1463,7,15.9,0.443,2.8,6.6,0.415,4.3,9.2,0.463,2.2,2.6,0.855,0.7,5.3,6,4.2,1.5,0.4,2.4,2.9,19,,108,109
Michael Kidd-Gilchrist\kiddgmi01,SF,24,CHO,74,74,1850,7.4,14.8,0.504,0,0.1,0,7.4,14.7,0.505,3.1,4.5,0.684,2.2,5.7,8,1.9,1.3,0.8,1.4,3.8,18,,110,110
Sean Kilpatrick\kilpase01,SG,28,TOT,52,1,640,8.4,22.5,0.374,3.5,11,0.319,4.9,11.5,0.427,4.9,5.5,0.889,0.4,6.3,6.7,3.5,1,0.4,2.9,2.5,25.3,,97,113
Sean Kilpatrick\kilpase01,SG,28,BRK,16,0,183,6.6,23.1,0.287,2.9,11.4,0.256,3.7,11.7,0.318,4.8,5,0.947,0.3,9,9.3,4,0.5,0.3,4.2,2.1,21,,80,112
Sean Kilpatrick\kilpase01,SG,28,MIL,23,0,205,7.5,19.9,0.378,3.2,11.2,0.283,4.4,8.8,0.5,4.4,4.6,0.947,0.2,5.8,6.1,3.6,1.2,0.2,2.2,3.6,22.6,,102,113
Sean Kilpatrick\kilpase01,SG,28,LAC,4,0,38,9,23,0.389,3.8,9,0.429,5.1,14.1,0.364,2.6,2.6,1,0,2.6,2.6,3.8,0,0,1.3,2.6,24.3,,105,118
Sean Kilpatrick\kilpase01,SG,28,CHI,9,1,214,10.7,24.4,0.439,4.3,10.9,0.396,6.4,13.5,0.475,5.9,7.3,0.813,0.7,5,5.7,3,1.4,0.7,2.7,1.8,31.7,,108,113
Maxi Kleber\klebima01,PF,26,DAL,72,36,1206,6.3,12.9,0.489,1.7,5.3,0.313,4.6,7.5,0.613,1.8,2.5,0.746,3,6.8,9.7,2.1,1.1,2,1.2,4.7,16.1,,117,109
Furkan Korkmaz\korkmfu01,SG,20,PHI,14,0,80,4.8,16.8,0.286,3,10.2,0.294,1.8,6.6,0.273,1.2,2.4,0.5,1.2,5.4,6.6,2.4,1.2,0.6,1.2,7.2,13.8,,86,107
Luke Kornet\kornelu01,PF,22,NYK,20,1,326,7.5,19,0.392,4.3,12,0.354,3.2,7,0.457,1.2,1.7,0.727,1.7,8.1,9.7,4,0.9,2.4,1.8,4.3,20.4,,106,110
Kyle Korver\korveky01,SG,36,CLE,73,4,1574,6.9,15.1,0.459,5.1,11.7,0.436,1.8,3.4,0.537,2,2.2,0.889,0.3,4.9,5.1,2.7,1,0.8,1.7,4,20.9,,120,114
Kosta Koufos\koufoko01,C,28,SAC,71,13,1391,8.1,14.1,0.571,0,0,,8.1,14.1,0.571,1.2,2.7,0.446,5.4,11.7,17.2,3.2,1.7,1.2,1.8,5.3,17.3,,117,108
Kyle Kuzma\kuzmaky01,PF,22,LAL,77,37,2401,9.3,20.7,0.45,3.2,8.6,0.366,6.2,12.1,0.511,2.9,4.1,0.707,1.8,7.9,9.6,2.8,1,0.7,2.8,3.2,24.7,,105,109
Mindaugas Kuzminskas\kuzmimi01,SF,28,NYK,1,0,2,0,49.6,0,0,0,,0,49.6,0,0,0,,0,0,0,0,0,0,0,0,0,,0,120
Skal Labissière\labissk01,PF,21,SAC,60,28,1240,8.4,18.7,0.448,0.7,2.1,0.353,7.6,16.6,0.459,3.9,4.8,0.805,4,7.7,11.7,2.9,1,2,3,5.4,21.3,,103,111
Jeremy Lamb\lambje01,SG,25,CHO,80,18,1967,9.4,20.6,0.457,2.3,6.3,0.37,7.1,14.3,0.495,4.4,5.2,0.861,1.2,6.8,8,4.6,1.5,0.8,2.3,3.4,25.6,,112,109
Shane Larkin\larkish01,PG,25,BOS,54,2,775,5.4,14.1,0.384,2,5.5,0.36,3.4,8.6,0.398,2.1,2.4,0.865,1,5,5.9,6.3,1.9,0.1,2.1,3.7,14.9,,104,106
Joffrey Lauvergne\lauvejo01,C,26,SAS,55,1,534,9.3,18,0.516,0,0.5,0,9.3,17.5,0.53,2.8,4.4,0.638,6,10.2,16.2,3.9,0.9,0.3,3.1,4.3,21.4,,109,106
Zach LaVine\lavinza01,SG,22,CHI,24,24,656,10.1,26.4,0.383,3.1,9.2,0.341,7,17.3,0.405,6.5,8,0.813,0.7,6.3,7,5.4,1.8,0.3,3.2,4.1,29.8,,99,111
Jake Layman\laymaja01,SF,23,POR,35,1,160,4.4,14.6,0.298,1.2,6.2,0.2,3.1,8.4,0.37,0.6,0.9,0.667,1.2,3.7,5,3.4,1.9,1.2,1.6,4,10.6,,81,107
T.J. Leaf\leaftj01,PF,20,IND,53,0,459,7,14.8,0.471,2,4.6,0.429,5,10.2,0.489,1.1,1.7,0.625,3.2,5.8,8.9,1,0.5,0.4,1.1,4.9,17,,113,112
Courtney Lee\leeco01,SG,32,NYK,76,69,2310,7.4,16.2,0.454,2.4,6,0.406,4.9,10.2,0.482,2.4,2.7,0.919,0.6,4.2,4.8,3.9,1.7,0.4,1.8,2.3,19.6,,112,113
Damion Lee\leeda03,SG,25,ATL,15,11,404,7.5,18.4,0.408,1.8,7.3,0.25,5.7,11.1,0.511,2.7,3.5,0.759,1.3,7.3,8.6,3.5,2.3,0.1,1.7,3,19.5,,100,110
Walt Lemon Jr.\lemonwa01,PG,25,NOP,5,0,35,9.5,21.8,0.438,1.4,1.4,1,8.2,20.5,0.4,2.7,4.1,0.667,0,2.7,2.7,6.8,0,1.4,5.5,6.8,23.2,,88,114
Alex Len\lenal01,C,24,PHO,69,13,1395,7.3,13,0.566,0,0.1,0.333,7.3,12.9,0.568,5.4,7.9,0.684,6,11.8,17.8,2.8,0.9,2.1,2.7,5.4,20.1,,121,110
Kawhi Leonard\leonaka01,SF,26,SAS,9,9,210,12.5,26.7,0.468,2.6,8.4,0.314,9.9,18.3,0.539,7.5,9.1,0.816,1.4,8.7,10.1,5.1,4.3,2.2,3.8,2.2,35.1,,109,97
Meyers Leonard\leoname01,C,25,POR,33,2,254,9,15.3,0.59,2.2,5.1,0.423,6.9,10.2,0.673,1.8,2.2,0.818,2.4,11.4,13.7,3.3,1.4,0,2,7.1,21.9,,129,106
Jon Leuer\leuerjo01,PF,28,DET,8,0,136,5.5,13.2,0.417,0,1.1,0,5.5,12.1,0.455,4.8,5.5,0.867,2.6,9.2,11.7,1.8,0.4,1.1,2.6,5.9,15.8,,100,109
Caris LeVert\leverca01,SF,23,BRK,71,10,1864,8.3,19.1,0.435,2.2,6.4,0.347,6.1,12.8,0.48,3.5,4.9,0.711,1.4,5.4,6.8,7.8,2.1,0.6,4,4.1,22.3,,103,110
DeAndre Liggins\liggide01,SG,29,TOT,58,4,724,2.7,7.2,0.377,1.3,3.6,0.358,1.4,3.6,0.396,0.1,0.3,0.4,0.5,4.6,5.1,3.3,2.5,1,1.4,5.5,6.9,,95,109
DeAndre Liggins\liggide01,SG,29,MIL,31,1,480,2.3,6.8,0.338,1.1,3.7,0.306,1.1,3,0.379,0.2,0.5,0.4,0.5,4.6,5.1,2.8,2.8,1,1.4,6.3,5.9,,88,109
DeAndre Liggins\liggide01,SG,29,NOP,27,3,244,3.5,8,0.439,1.6,3.3,0.471,2,4.7,0.417,0,0,,0.4,4.7,5.1,4.1,2,0.8,1.4,3.9,8.6,,107,109
Damian Lillard\lillada01,PG,27,POR,73,73,2670,11.6,26.4,0.439,4.2,11.7,0.361,7.3,14.6,0.501,9.2,10,0.916,1.2,4.9,6.1,9,1.4,0.5,3.8,2.2,36.6,,120,109
Jeremy Lin\linje01,PG,29,BRK,1,1,25,9.7,23.3,0.417,1.9,3.9,0.5,7.8,19.4,0.4,13.6,13.6,1,0,0,0,7.8,0,0,5.8,5.8,35,,110,119
Shaun Livingston\livinsh01,PG,32,GSW,71,7,1129,7.3,14.6,0.501,0,0.2,0,7.3,14.4,0.509,2.1,2.6,0.82,1.4,4.2,5.6,6,1.5,0.9,2.5,5,16.8,,108,110
Kevon Looney\looneke01,C,21,GSW,66,4,910,5.9,10.2,0.58,0.1,0.3,0.2,5.9,10,0.59,2.2,4.1,0.545,4.4,7,11.4,2.2,1.8,3,1.6,5.6,14.1,,121,106
Brook Lopez\lopezbr01,C,29,LAL,74,72,1735,10.2,21.9,0.465,3.1,9,0.345,7.1,12.9,0.549,3.1,4.4,0.703,2,6.1,8.1,3.5,0.8,2.7,2.7,5.4,26.5,,108,108
Robin Lopez\lopezro01,C,29,CHI,64,64,1690,9.9,18.6,0.53,0.1,0.4,0.286,9.8,18.2,0.536,2,2.6,0.756,3.9,4.5,8.4,3.6,0.4,1.5,3.1,3.1,21.8,,106,114
Kevin Love\loveke01,C,29,CLE,59,59,1651,9.9,21.6,0.458,4.1,9.8,0.415,5.8,11.8,0.494,6.9,7.9,0.88,3,13.2,16.2,3.1,1.3,0.7,2.7,3.6,30.8,,120,109
Kyle Lowry\lowryky01,PG,31,TOR,78,78,2510,7.9,18.5,0.427,4.7,11.7,0.399,3.2,6.8,0.474,4.4,5.1,0.854,1.3,7.2,8.5,10.5,1.7,0.4,3.6,3.8,24.9,,120,107
Timothé Luwawu-Cabarrot\luwawti01,SF,22,PHI,52,7,807,6,15.9,0.375,3.2,9.4,0.335,2.8,6.5,0.431,2.7,3.5,0.793,0.8,3.5,4.3,3.2,0.7,0.3,2.3,5.8,17.8,,101,110
Tyler Lydon\lydonty01,PF,21,DEN,1,0,2,0,0,,0,0,,0,0,,0,0,,0,0,0,0,0,0,0,0,0,,,120
Trey Lyles\lylestr01,PF,22,DEN,73,2,1391,9.6,19.6,0.491,3,7.8,0.381,6.7,11.8,0.563,3.6,5.1,0.706,2,10.4,12.4,3.2,1.1,1.2,2.2,4,25.8,,116,110
Shelvin Mack\macksh01,PG,27,ORL,69,3,1365,6.4,14.8,0.43,1.7,5,0.345,4.7,9.9,0.473,2.5,3.5,0.711,0.8,5.1,6,9.8,1.9,0.3,3.2,3.3,17,,106,111
Josh Magette\magetjo01,PG,28,ATL,18,0,216,3.4,10.4,0.326,1.8,5,0.364,1.6,5.4,0.292,1.8,1.8,1,0.5,3.8,4.3,12.9,1.8,0.2,2,3.6,10.4,,116,113
Ian Mahinmi\mahinia01,C,31,WAS,77,0,1145,6,10.8,0.556,0,0.1,0,6,10.7,0.561,3.9,5.6,0.703,5.9,7.7,13.5,2.3,1.6,1.8,4.3,10,15.9,,107,107
Thon Maker\makerth01,C,20,MIL,74,12,1238,5.2,12.7,0.411,1.2,4.2,0.298,4,8.5,0.467,2.6,3.7,0.699,3,6,9.1,1.9,1.5,2.1,1.8,6.5,14.3,,103,110
Boban Marjanovi?\marjabo01,C,29,TOT,39,1,337,11.5,21.6,0.534,0,0,,11.5,21.6,0.534,11.3,14.2,0.794,7,14,21,3.2,1.5,1.6,5.3,7.5,34.3,,116,104
Boban Marjanovi?\marjabo01,C,29,DET,19,1,171,12,23,0.519,0,0,,12,23,0.519,10.5,13.1,0.8,4.4,12.3,16.6,4.1,1.2,1.8,6.4,8.2,34.4,,107,104
Boban Marjanovi?\marjabo01,C,29,LAC,20,0,166,11.1,20.2,0.551,0,0,,11.1,20.2,0.551,12,15.2,0.788,9.7,15.8,25.5,2.3,1.8,1.5,4.1,6.7,34.3,,126,104
Lauri Markkanen\markkla01,PF,20,CHI,68,68,2020,9,20.8,0.434,3.5,9.7,0.362,5.5,11.1,0.497,3.4,4,0.843,1.9,10.4,12.3,1.9,0.9,1,2,2.5,25,,107,110
Jarell Martin\martija01,PF,23,MEM,73,36,1661,6.7,15.1,0.446,1,3,0.347,5.7,12.1,0.47,2.7,3.5,0.767,3,6.7,9.7,2.2,1.2,1.5,2.6,6.4,17.2,,101,111
Frank Mason III\masonfr01,PG,23,SAC,52,2,984,7.4,19.5,0.379,1.6,4.4,0.36,5.8,15.1,0.384,4.8,5.9,0.817,1.5,5.1,6.7,7.6,1.7,0.5,3.3,3.7,21.2,,100,112
Mangok Mathiang\mathima01,C,25,CHO,4,0,20,9.8,17.1,0.571,0,0,,9.8,17.1,0.571,0,2.4,0,7.3,17.1,24.4,0,2.4,0,0,12.2,19.5,,122,103
Wesley Matthews\matthwe02,SF,31,DAL,63,62,2131,6.7,16.4,0.406,3.6,9.5,0.381,3.1,6.9,0.441,2,2.4,0.822,0.7,4,4.7,4.1,1.8,0.4,2,3.3,18.9,,105,111
Luc Mbah a Moute\mbahalu01,PF,31,HOU,61,15,1564,5.2,10.9,0.481,2,5.4,0.364,3.2,5.4,0.599,2,3,0.684,0.7,5.2,5.9,1.7,2.3,0.8,2.1,3.1,14.5,,107,106
James Michael McAdoo\mcadoja01,PF,25,PHI,3,0,18,5.3,18.7,0.286,5.3,18.7,0.286,0,0,,5.3,5.3,1,0,5.3,5.3,0,0,2.7,2.7,2.7,21.4,,94,108
Patrick McCaw\mccawpa01,SG,22,GSW,57,10,961,4.6,11.3,0.409,1,4,0.238,3.7,7.3,0.503,1.3,1.7,0.765,0.8,3.3,4.1,4.1,2.2,0.5,2.1,3.4,11.5,,96,110
CJ McCollum\mccolcj01,SG,26,POR,81,81,2923,11.4,25.6,0.443,3.2,8.1,0.397,8.1,17.5,0.465,3.6,4.3,0.836,0.9,4.6,5.5,4.6,1.3,0.6,2.6,2.9,29.5,,108,109
T.J. McConnell\mccontj01,PG,25,PHI,76,1,1706,5.9,11.9,0.499,0.8,1.7,0.435,5.2,10.1,0.51,0.9,1.1,0.795,1,5.3,6.4,8.5,2.6,0.4,3.2,3.4,13.5,,109,105
Erik McCree\mccreer01,SF,24,UTA,4,0,8,0,12.5,0,0,6.3,0,0,6.3,0,0,0,,0,6.3,6.3,0,6.3,0,6.3,0,0,,0,96
Chris McCullough\mcculch01,PF,22,WAS,19,0,90,9.9,23.2,0.429,0.6,4.4,0.125,9.4,18.8,0.5,5,7.7,0.643,3.9,9.9,13.8,2.2,0,2.8,1.1,4.4,25.4,,104,108
Doug McDermott\mcderdo01,SF,26,TOT,81,4,1768,6.7,14.3,0.467,2.6,6.1,0.426,4.1,8.2,0.497,1.8,2.3,0.79,1.1,4.5,5.6,2.2,0.5,0.5,1.6,3.4,17.7,,111,115
Doug McDermott\mcderdo01,SF,26,NYK,55,1,1172,6.4,13.9,0.46,2.2,5.8,0.387,4.1,8.1,0.513,1.7,2.2,0.755,1.4,4.3,5.7,2.1,0.4,0.5,1.4,3.1,16.7,,111,115
Doug McDermott\mcderdo01,SF,26,DAL,26,3,596,7.2,15.2,0.478,3.3,6.7,0.494,4,8.5,0.465,2,2.4,0.857,0.6,5,5.6,2.4,0.8,0.3,1.9,4.1,19.8,,112,113
JaVale McGee\mcgeeja01,C,30,GSW,65,17,615,10.7,17.2,0.621,0,0.5,0,10.7,16.7,0.638,3,4.1,0.731,4.6,8.6,13.2,2.6,1.6,4.5,2.1,7.1,24.3,,124,103
Rodney McGruder\mcgruro01,SG,26,MIA,18,2,299,6,12.3,0.493,2.5,5.9,0.429,3.5,6.4,0.553,0.7,1.3,0.5,1.8,3.7,5.5,2.9,1.3,0.5,0.7,3.5,15.3,,124,110
Trey McKinney-Jones\mckintr01,SG,27,IND,1,0,1,0,0,,0,0,,0,0,,0,0,,0,0,0,0,0,0,0,0,0,,,117
Alfonzo McKinnie\mckinal01,SF,25,TOR,14,0,53,7.4,13.9,0.533,2.8,8.4,0.333,4.6,5.6,0.833,1.9,2.8,0.667,0.9,5.6,6.5,0.9,0.9,0.9,2.8,7.4,19.5,,108,108
Ben McLemore\mclembe01,SG,24,MEM,56,17,1091,7.3,17.3,0.421,2.5,7.4,0.346,4.7,9.9,0.477,2.5,3,0.828,1.6,4.9,6.4,2.4,1.8,0.7,2.8,6.4,19.6,,99,112
Josh McRoberts\mcrobjo01,PF,30,DAL,2,0,6,0,8.4,0,0,8.4,0,0,0,,0,0,,0,0,0,0,0,0,0,16.7,0,,0,117
Jodie Meeks\meeksjo01,SG,30,WAS,77,0,1119,7,17.4,0.399,3.2,9.3,0.343,3.8,8.1,0.464,4.5,5.2,0.863,0.7,4.9,5.6,3.1,1.3,0.2,1.6,2.4,21.6,,111,112
Salah Mejri\mejrisa01,C,31,DAL,61,1,729,6.1,9.4,0.642,0,0.2,0,6.1,9.2,0.657,2.6,4.5,0.576,5.9,11.1,16.9,2.4,1.5,4.6,2.7,8.3,14.7,,122,102
Jordan Mickey\mickejo01,PF,23,MIA,23,3,284,6.9,14.5,0.476,0.4,2.8,0.125,6.5,11.7,0.561,2.3,3.4,0.684,3.2,11.1,14.3,1.6,1.1,1.8,3.2,6.4,16.4,,96,104
Khris Middleton\middlkh01,SF,26,MIL,82,82,2982,9.9,21.3,0.466,2.4,6.8,0.359,7.5,14.5,0.517,5.4,6.1,0.884,0.8,6.4,7.2,5.5,2,0.4,3.2,4.5,27.6,,111,111
C.J. Miles\milescj01,SF,30,TOR,70,3,1337,8.4,22.1,0.379,6,16.7,0.361,2.3,5.3,0.434,3,3.6,0.835,0.7,4.9,5.6,2,1.4,0.8,1.4,4.9,25.8,,109,108
Darius Miller\milleda01,SF,27,NOP,82,3,1944,5.3,12,0.444,3.6,8.8,0.411,1.7,3.2,0.535,1.4,1.6,0.866,0.4,3.6,4,2.7,0.7,0.4,1.4,3.9,15.6,,115,113
Malcolm Miller\millema01,SF,24,TOR,15,4,126,5.1,11,0.464,3.1,8.2,0.381,2,2.7,0.714,1.6,1.6,1,1.6,4.3,5.9,1.2,0.4,0.8,2,3.9,14.9,,115,111
Patty Mills\millspa02,PG,29,SAS,82,36,2107,6.7,16.4,0.411,3.7,9.9,0.372,3,6.4,0.47,2.5,2.8,0.89,0.6,3.1,3.7,5.5,1.3,0.3,2.5,3.1,19.6,,109,109
Paul Millsap\millspa01,PF,32,DEN,38,37,1143,8.8,18.9,0.464,1.7,4.9,0.345,7.1,14,0.506,4.9,7,0.696,2.8,7.8,10.6,4.6,1.7,1.9,3.2,4.3,24.1,,109,109
Nikola Miroti?\mirotni01,PF,26,TOT,55,14,1494,9.9,22.1,0.447,4.4,11.5,0.377,5.5,10.5,0.525,3.6,4.4,0.818,1.9,11.2,13.1,2.6,1.4,1.3,2,3.5,27.7,,111,107
Nikola Miroti?\mirotni01,PF,26,CHI,25,3,622,11.2,23.7,0.474,5.4,12.6,0.429,5.8,11.1,0.525,5.1,6.2,0.823,1.4,11.1,12.5,3.1,1.2,1,2.4,3.5,33,,117,110
Nikola Miroti?\mirotni01,PF,26,NOP,30,11,872,8.9,20.9,0.427,3.6,10.8,0.335,5.3,10.1,0.524,2.6,3.2,0.81,2.2,11.2,13.5,2.2,1.6,1.4,1.7,3.4,24,,107,106
Donovan Mitchell\mitchdo01,SG,21,UTA,79,71,2638,11.3,25.9,0.437,3.6,10.5,0.34,7.8,15.4,0.502,4.5,5.6,0.805,1,4.6,5.6,5.5,2.2,0.5,4.1,4,30.7,,103,105
Naz Mitrou-Long\mitrona01,SG,24,UTA,1,0,1,50.1,50.1,1,50.1,50.1,1,0,0,,0,0,,0,0,0,0,0,0,0,0,150.4,,300,113
Malik Monk\monkma01,SG,19,CHO,63,0,854,8.7,24.3,0.36,4.7,13.9,0.342,4,10.4,0.385,1.8,2.2,0.842,0.5,3.3,3.8,5.2,1.1,0.5,2.8,3.4,24,,96,112
Greg Monroe\monrogr01,C,27,TOT,51,14,1040,10.3,18.2,0.565,0,0,,10.3,18.2,0.565,4.1,5.6,0.739,5.1,11.4,16.5,5.4,2.1,1.1,4.4,4.5,24.7,,112,105
Greg Monroe\monrogr01,C,27,MIL,5,0,79,10.1,20.8,0.485,0,0,,10.1,20.8,0.485,1.3,2.5,0.5,3.8,12,15.8,3.2,0,0,3.8,4.4,21.5,,94,112
Greg Monroe\monrogr01,C,27,PHO,20,14,465,10,16,0.626,0,0,,10,16,0.626,3.2,4.7,0.674,5.1,11.3,16.5,5.1,1.6,0.6,4.1,4.1,23.2,,117,110
Greg Monroe\monrogr01,C,27,BOS,26,0,496,10.6,20,0.53,0,0,,10.6,20,0.53,5.5,7,0.797,5.3,11.3,16.6,5.9,2.8,1.7,4.8,4.8,26.7,,111,98
Luis Montero\montelu01,SG,24,DET,2,0,8,0,6.2,0,0,0,,0,6.2,0,0,0,,0,12.5,12.5,0,0,0,12.5,0,0,,0,109
Ben Moore\moorebe01,PF,22,IND,2,0,9,0,0,,0,0,,0,0,,0,0,,0,5.6,5.6,5.6,0,0,0,22.2,0,,222,113
E'Twaun Moore\mooreet01,SG,28,NOP,82,80,2586,7.8,15.4,0.508,2.4,5.6,0.425,5.4,9.8,0.556,0.9,1.3,0.706,1.1,3.3,4.4,3.5,1.5,0.2,1.9,3.4,18.9,,111,112
Eric Moreland\moreler01,PF,26,DET,67,3,805,4.1,7.6,0.541,0,0,,4.1,7.6,0.541,0.7,1.8,0.379,5,12.2,17.2,4.8,1.9,3.2,2.6,7.2,8.9,,111,101
Jaylen Morris\morrija01,SG,22,ATL,6,0,98,6.5,15.9,0.406,1,5,0.2,5.5,11,0.5,0,0,,1,7,8,3.5,1,0.5,3,1,14,,83,113
Marcus Morris\morrima03,PF,28,BOS,54,21,1447,9,21.1,0.429,3,8.1,0.368,6.1,13,0.467,4.3,5.3,0.805,1.5,8.5,10,2.5,1.2,0.4,2.2,3.5,25.4,,106,105
Markieff Morris\morrima02,PF,28,WAS,73,73,1968,8.3,17.3,0.48,1.9,5.2,0.367,6.4,12.1,0.529,2.6,3.2,0.82,1.9,8.4,10.3,3.6,1.4,1,3.2,5.5,21.2,,105,108
Monte Morris\morrimo01,PG,22,DEN,3,0,25,7.9,11.9,0.667,0,2,0,7.9,9.9,0.8,4,4,1,0,4,4,13.9,5.9,0,2,2,19.8,,151,104
Johnathan Motley\motlejo01,PF,22,DAL,11,4,176,11.4,21.4,0.533,0.3,1.7,0.167,11.1,19.7,0.565,4.3,8,0.536,4,10,14,2,0.9,0.6,2.6,5.1,27.4,,106,110
Timofey Mozgov\mozgoti01,C,31,BRK,31,13,359,7,12.6,0.559,0.5,2.4,0.222,6.5,10.1,0.64,3.1,4.1,0.767,4.3,8.9,13.3,1.5,0.7,1.8,4.5,5.3,17.7,,103,110
Emmanuel Mudiay\mudiaem01,PG,21,TOT,64,14,1245,8.1,20.9,0.388,1.9,5.9,0.318,6.3,15.1,0.415,3.9,5.1,0.76,1,5,6.1,8.2,1.6,0.4,4.5,3.2,22,,96,113
Emmanuel Mudiay\mudiaem01,PG,21,DEN,42,0,752,8.5,21.2,0.401,2.5,6.7,0.373,6,14.5,0.414,4.2,5.1,0.808,1.1,5.1,6.2,8,1.4,0.3,4.7,3.1,23.7,,99,113
Emmanuel Mudiay\mudiaem01,PG,21,NYK,22,14,493,7.5,20.5,0.368,0.9,4.6,0.196,6.6,15.9,0.418,3.5,5.1,0.686,1,4.8,5.8,8.5,2,0.7,4.1,3.3,19.5,,90,111
Shabazz Muhammad\muhamsh01,SF-SG,25,TOT,43,2,418,10,22.5,0.447,0.8,3.2,0.259,9.2,19.2,0.478,4.7,6,0.78,2.7,6.3,9.1,1.7,1.1,0.4,0.7,3.6,25.6,,109,113
Shabazz Muhammad\muhamsh01,SF,25,MIN,32,2,301,7.8,20.1,0.388,0.7,3.2,0.211,7.1,16.9,0.422,3.7,5.2,0.71,2.5,5,7.5,1.2,0.8,0.3,0.8,3.8,19.9,,99,115
Shabazz Muhammad\muhamsh01,SG,25,MIL,11,0,117,15.8,28.6,0.552,1.3,3.4,0.375,14.5,25.1,0.576,7.2,8.1,0.895,3.4,9.8,13.2,3,1.7,0.4,0.4,3,40.1,,130,109
Xavier Munford\munfoxa02,SG,25,MIL,6,0,21,2.4,14.2,0.167,0,4.7,0,2.4,9.5,0.25,2.4,4.7,0.5,2.4,0,2.4,9.5,2.4,0,4.7,9.5,7.1,,64,114
Dejounte Murray\murrade01,PG,21,SAS,81,48,1743,7.8,17.7,0.443,0.3,1,0.265,7.6,16.7,0.454,3,4.3,0.709,3.2,10.1,13.3,6.7,2.8,0.9,3.9,4.4,19,,99,101
Jamal Murray\murraja01,PG,20,DEN,81,80,2565,9.3,20.5,0.451,3.2,8.4,0.378,6.1,12.1,0.502,4.4,4.9,0.905,1.6,4.2,5.7,5.3,1.5,0.5,3.3,3.3,26.1,,112,113
Mike Muscala\muscami01,C,26,ATL,53,7,1060,6.6,14.4,0.458,2.9,7.7,0.371,3.7,6.7,0.559,2.6,2.9,0.919,2.6,8,10.6,2.4,1.4,1.2,1.9,3.7,18.7,,115,110
Abdel Nader\naderab01,SF,24,BOS,48,1,522,4.8,14.3,0.336,2.2,6.2,0.354,2.6,8,0.321,2.2,3.7,0.59,1.2,5.6,6.8,2.5,1.4,1,3.3,4.3,14,,83,105
Larry Nance Jr.\nancela02,C,25,TOT,66,27,1421,8.1,14,0.581,0.1,0.4,0.167,8.1,13.6,0.594,3.1,4.7,0.664,5.5,9.9,15.3,2.8,3,1.3,1.7,5.8,19.4,,125,104
Larry Nance Jr.\nancela02,C,25,LAL,42,17,922,7.9,13.1,0.601,0.1,0.2,0.25,7.8,12.9,0.606,2.9,4.5,0.632,5.6,9.1,14.7,3,3.1,1,2.1,5.9,18.7,,124,103
Larry Nance Jr.\nancela02,C,25,CLE,24,10,499,8.6,15.7,0.55,0.1,0.8,0.125,8.5,14.9,0.572,3.5,4.9,0.72,5.2,11.3,16.5,2.5,2.8,1.8,1,5.8,20.9,,127,105
Shabazz Napier\napiesh01,PG,26,POR,74,10,1535,7.2,17.2,0.42,2.7,7.1,0.376,4.6,10.1,0.45,3.8,4.5,0.841,0.8,4.7,5.5,4.9,2.6,0.5,2.9,2.7,20.9,,107,106
Jameer Nelson\nelsoja01,PG,35,TOT,50,0,1013,4.5,11.6,0.389,1.9,5.9,0.331,2.6,5.7,0.45,0.8,0.9,0.8,0.6,4.3,4.9,8.5,1.3,0.2,3.2,3.8,11.7,,99,112
Jameer Nelson\nelsoja01,PG,35,NOP,43,0,897,4.5,10.9,0.41,2.1,5.9,0.364,2.3,5.1,0.463,0.7,0.9,0.765,0.6,4.5,5.1,8.3,1.2,0.2,3,3.6,11.8,,104,112
Jameer Nelson\nelsoja01,PG,35,DET,7,0,116,4.7,16.8,0.282,0.4,6,0.071,4.3,10.8,0.4,1.3,1.3,1,0.9,2.6,3.4,9.9,1.7,0.4,4.7,6,11.2,,75,110
Raul Neto\netora01,PG,25,UTA,41,0,498,6.9,15.2,0.457,1.9,4.7,0.404,5,10.5,0.481,2.6,3.5,0.743,0.7,4.2,4.9,7.6,1.3,0.4,3.6,3.8,18.4,,105,108
Georges Niang\niangge01,PF,24,UTA,9,0,32,6.3,17.2,0.364,0,6.3,0,6.3,11,0.571,1.6,3.1,0.5,4.7,9.4,14.1,4.7,3.1,0,4.7,1.6,14.1,,81,101
Joakim Noah\noahjo01,C,32,NYK,7,0,40,6.2,12.4,0.5,0,0,,6.2,12.4,0.5,2.5,5,0.5,7.4,9.9,17.3,5,2.5,2.5,5,6.2,14.9,,100,105
Nerlens Noel\noelne01,C,23,DAL,30,6,472,5.8,11.2,0.524,0,0.1,0,5.8,11.1,0.529,2.2,3,0.75,5.1,12.8,17.9,2.1,3.3,2.3,2.8,6.3,13.9,,109,100
Lucas Nogueira\noguelu01,C,25,TOR,49,3,418,5.8,9.4,0.613,0.6,2.2,0.263,5.2,7.2,0.721,2.2,3.3,0.679,2.1,8.1,10.3,2.6,2.7,5.1,1.9,5.8,14.4,,123,98
Dirk Nowitzki\nowitdi01,C,39,DAL,77,77,1900,9.1,20,0.456,3.6,8.9,0.409,5.5,11.1,0.494,2.6,2.9,0.898,0.6,11,11.6,3.2,1.1,1.2,1.3,3.9,24.5,,112,108
Frank Ntilikina\ntilila01,PG,19,NYK,78,9,1706,5.3,14.5,0.364,1.5,4.6,0.318,3.8,10,0.385,1.4,2,0.721,1.1,4.1,5.1,7.3,1.9,0.5,3.8,5.3,13.5,,89,112
Jusuf Nurki?\nurkiju01,C,23,POR,79,79,2088,11.4,22.7,0.505,0,0.2,0,11.4,22.5,0.508,4.1,6.5,0.63,4.5,12.4,16.9,3.4,1.5,2.6,4.4,5.9,27,,102,101
David Nwaba\nwabada01,SG,25,CHI,70,21,1646,6,12.5,0.478,0.5,1.5,0.346,5.5,11,0.496,3.9,6,0.655,2.6,7,9.7,3.1,1.7,0.9,2.3,4.7,16.5,,107,110
Johnny O'Bryant\obryajo01,PF,24,CHO,36,0,379,8.8,22,0.398,1.8,5.5,0.326,6.9,16.5,0.422,2.7,3.2,0.84,3.7,8.2,12,1.8,1.2,0.8,1.9,5.8,22,,99,109
Royce O'Neale\onealro01,SF,24,UTA,69,4,1150,5.2,12.4,0.423,1.8,5.1,0.356,3.4,7.2,0.47,2.7,3.3,0.803,1.1,9.2,10.3,4.1,1.6,0.7,2.4,4.6,15,,105,104
Kyle O'Quinn\oquinky01,C,27,NYK,77,10,1387,8,13.7,0.583,0.1,0.6,0.235,7.9,13.1,0.599,3.5,4.5,0.772,4.3,12.5,16.8,5.6,1.3,3.5,3.6,6.9,19.7,,118,105
Semi Ojeleye\ojelese01,PF,23,BOS,73,0,1150,2.8,8.2,0.346,1.7,5.4,0.32,1.1,2.7,0.397,1.1,1.8,0.61,1.6,5.4,7,0.9,0.9,0.2,1.1,4,8.5,,97,107
Emeka Okafor\okafoem01,C,35,NOP,26,19,353,6.5,12.8,0.505,0,0,,6.5,12.8,0.505,2.4,3,0.818,6.4,9.9,16.2,1.1,1.1,3.4,1.8,4.1,15.4,,116,105
Jahlil Okafor\okafoja01,C,22,TOT,28,0,353,10.6,19,0.558,0.1,0.5,0.25,10.4,18.4,0.567,2.9,4,0.724,2.9,8.8,11.7,1.6,0.4,2.5,2.9,7,24.2,,107,109
Jahlil Okafor\okafoja01,C,22,PHI,2,0,25,7.7,17.3,0.444,0,0,,7.7,17.3,0.444,3.8,7.7,0.5,7.7,9.6,17.3,1.9,0,3.8,5.8,13.5,19.2,,89,103
Jahlil Okafor\okafoja01,C,22,BRK,26,0,328,10.8,19.1,0.566,0.1,0.6,0.25,10.7,18.5,0.576,2.8,3.7,0.76,2.5,8.7,11.2,1.6,0.4,2.4,2.7,6.5,24.6,,108,110
Victor Oladipo\oladivi01,SG,25,IND,75,75,2552,12.5,26.3,0.477,3.2,8.5,0.371,9.4,17.8,0.528,5.8,7.2,0.799,0.9,6.7,7.6,6.3,3.5,1.1,4.3,3.4,34,,110,104
Kelly Olynyk\olynyke01,PF,26,MIA,76,22,1779,8.9,17.9,0.497,3,7.9,0.379,5.9,10,0.59,3.8,4.9,0.77,2.5,9.7,12.2,5.8,1.7,1,4.1,6.3,24.6,,112,105
Chinanu Onuaku\onuakch01,C,21,HOU,1,0,22,4.5,11.2,0.4,0,0,,4.5,11.2,0.4,0,0,,2.2,6.7,8.9,2.2,0,0,6.7,8.9,8.9,,62,111
Cedi Osman\osmande01,SF,22,CLE,61,12,672,6.6,13.6,0.484,2.3,6.3,0.368,4.2,7.2,0.586,1.9,3.4,0.565,1.4,7.4,8.7,3,1.6,0.2,2.3,5.7,17.3,,108,112
Kelly Oubre Jr.\oubreke01,SF,22,WAS,81,11,2231,7.1,17.6,0.403,2.8,8.2,0.341,4.3,9.4,0.456,4.3,5.2,0.82,1.3,6.8,8.1,2.2,1.8,0.8,2,5.2,21.2,,106,109
Zaza Pachulia\pachuza01,C,33,GSW,69,57,972,7.4,13.1,0.564,0,0,0,7.4,13,0.567,3.7,4.6,0.806,4.4,11.5,15.9,5.4,1.9,0.8,3.6,6,18.5,,117,105
Marcus Paige\paigema01,PG,24,CHO,5,0,28,7,24.4,0.286,3.5,13.9,0.25,3.5,10.5,0.333,3.5,3.5,1,0,7,7,5.2,0,0,0,0,20.9,,96,114
Georgios Papagiannis\papagge01,C,20,TOT,17,0,122,7.5,17.4,0.429,0,0,,7.5,17.4,0.429,0,0,,5.4,9.9,15.3,3.7,1.7,2.5,3.3,5,14.9,,91,107
Georgios Papagiannis\papagge01,C,20,SAC,16,0,118,7.3,17.6,0.415,0,0,,7.3,17.6,0.415,0,0,,5.1,10.3,15.4,3.9,0.9,2.6,3.4,5.1,14.6,,88,109
Georgios Papagiannis\papagge01,C,20,POR,1,0,4,12.4,12.4,1,0,0,,12.4,12.4,1,0,0,,12.4,0,12.4,0,24.9,0,0,0,24.9,,208,60
Jabari Parker\parkeja01,PF,22,MIL,31,3,743,10.7,22.3,0.482,2.1,5.4,0.383,8.7,16.8,0.514,2.7,3.6,0.741,2.8,7.3,10.1,4,1.7,0.7,3,3.4,26.2,,106,111
Tony Parker\parketo01,PG,35,SAS,55,21,1071,8.4,18.3,0.459,0.5,1.7,0.27,7.9,16.6,0.479,2.6,3.7,0.705,0.3,4.2,4.5,9.2,1.3,0,3.2,2.5,19.9,,103,109
Chandler Parsons\parsoch01,SF,29,MEM,36,8,691,7.9,17.1,0.462,3.7,8.9,0.421,4.2,8.3,0.504,1.2,2,0.63,1,5.6,6.6,5,1.3,0.8,2.6,3.9,20.8,,110,113
Patrick Patterson\pattepa01,PF,28,OKC,82,3,1270,4.1,10.4,0.398,2.6,6.7,0.386,1.6,3.7,0.421,1.6,1.8,0.87,1.3,6.3,7.5,2.2,1.9,0.9,1.3,3.4,12.4,,114,108
Justin Patton\pattoju01,C,20,MIN,1,0,4,12.5,25,0.5,0,0,,12.5,25,0.5,0,0,,0,0,0,0,12.5,0,0,12.5,25,,101,92
Brandon Paul\paulbr01,SG,26,SAS,64,2,576,4.8,11.1,0.433,1.3,4.7,0.278,3.5,6.4,0.548,1.9,3.8,0.512,0.5,5.4,6,3.2,2.2,0.6,2.5,5.1,12.9,,94,105
Chris Paul\paulch01,PG,32,HOU,58,58,1847,9.8,21.3,0.46,3.8,10.1,0.38,5.9,11.2,0.532,5.4,5.9,0.919,1,7.4,8.3,12.2,2.6,0.4,3.4,3.8,28.8,,126,105
Adreian Payne\paynead01,PF,26,ORL,5,0,43,8,11.4,0.7,2.3,3.4,0.667,5.7,8,0.714,5.7,6.8,0.833,2.3,8,10.2,0,2.3,0,2.3,6.8,23.9,,140,109
Cameron Payne\payneca01,PG,23,CHI,25,14,582,7.3,18,0.405,2.9,7.6,0.385,4.4,10.4,0.419,1,1.3,0.75,1.5,4.3,5.8,9.5,2.2,0.8,3,3.7,18.5,,104,111
Elfrid Payton\paytoel01,PG,23,TOT,63,63,1808,8.8,17.9,0.493,0.8,2.5,0.326,8,15.5,0.52,2.9,4.5,0.649,1.7,5.6,7.4,10.6,2.2,0.6,4.5,4,21.4,,105,111
Elfrid Payton\paytoel01,PG,23,ORL,44,44,1257,9.3,17.8,0.52,1,2.6,0.373,8.3,15.2,0.545,2.8,4.4,0.632,1.8,4.9,6.8,10.7,2.5,0.6,4.4,3.8,22.3,,109,110
Elfrid Payton\paytoel01,PG,23,PHO,19,19,551,7.9,18.2,0.435,0.4,2.2,0.2,7.5,16,0.467,3.2,4.7,0.685,1.5,7.2,8.7,10.3,1.7,0.5,4.7,4.3,19.5,,97,113
Gary Payton II\paytoga02,PG,25,TOT,23,6,221,6.6,16.3,0.405,1.3,5.5,0.24,5.3,10.8,0.49,0.7,2,0.333,2.9,6.8,9.7,4.6,1.5,0.7,1.5,6.6,15.2,,99,110
Gary Payton II\paytoga02,PG,25,MIL,12,6,106,6.1,15.5,0.394,0.9,5.6,0.167,5.2,9.9,0.524,0.9,1.4,0.667,1.9,6.1,8,4.2,1.4,0.5,1.4,8,14.1,,97,112
Gary Payton II\paytoga02,PG,25,LAL,11,0,115,7.1,17.1,0.415,1.7,5.4,0.308,5.4,11.6,0.464,0.4,2.5,0.167,3.7,7.5,11.2,5,1.7,0.8,1.7,5.4,16.2,,101,108
Kendrick Perkins\perkike01,C,33,CLE,1,0,15,3.3,6.5,0.5,0,0,,3.3,6.5,0.5,3.3,6.5,0.5,0,3.3,3.3,6.5,3.3,0,3.3,3.3,9.8,,97,111
London Perrantes\perralo01,PG,23,CLE,14,0,66,1.5,9.6,0.154,0,2.2,0,1.5,7.4,0.2,2.2,3.7,0.6,0.7,2.2,3,3.7,1.5,0.7,0.7,4.5,5.2,,68,115
Alec Peters\peteral01,PF,22,PHO,20,0,225,6,15.7,0.378,3.8,12.3,0.31,2.1,3.4,0.625,1.7,2.1,0.8,1.7,6.2,7.9,2.6,0.4,0.4,0.9,2.8,17.4,,111,116
Marshall Plumlee\plumlma02,C,25,MIL,8,0,52,1,2.9,0.333,0,0,,1,2.9,0.333,11.5,15.3,0.75,3.8,12.5,16.3,1.9,0,1,2.9,9.6,13.4,,129,111
Mason Plumlee\plumlma01,C,27,DEN,74,26,1439,7.6,12.7,0.601,0,0,0,7.6,12.6,0.602,2.8,6.2,0.458,4.5,9.2,13.8,4.9,1.7,2.8,3.5,6.3,18.1,,112,107
Miles Plumlee\plumlmi01,C,29,ATL,55,35,918,5.6,9.6,0.583,0,0,,5.6,9.6,0.583,1.4,3.2,0.45,4.1,8,12.1,2.4,0.9,1.6,3.4,4.2,12.6,,102,111
Jakob Poeltl\poeltja01,C,22,TOR,82,0,1524,8.2,12.4,0.659,0,0.1,0.5,8.2,12.4,0.66,1.9,3.3,0.594,5.3,7.4,12.7,1.8,1.3,3.2,2.7,6.9,18.3,,122,104
Quincy Pondexter\pondequ01,SF,29,CHI,23,1,196,3.5,12.2,0.286,0.7,5.5,0.136,2.7,6.7,0.407,3.5,4.2,0.824,2,4.7,6.7,2.2,2,0.5,2.7,6,11.2,,81,111
Otto Porter\porteot01,SF,24,WAS,77,77,2432,9.1,18.1,0.503,2.8,6.4,0.441,6.3,11.7,0.537,2.2,2.6,0.828,2.1,7.9,10,3.2,2.4,0.8,1.5,3.1,23.2,,120,107
Bobby Portis\portibo01,PF,22,CHI,73,4,1643,11.4,24.1,0.471,2.4,6.6,0.359,9,17.5,0.514,3.6,4.6,0.769,4.7,10.1,14.8,3.7,1.5,0.7,3.1,3.9,28.6,,108,110
Kristaps Porzi??is\porzikr01,PF,22,NYK,48,48,1553,12.4,28.4,0.439,2.9,7.3,0.395,9.6,21.1,0.454,7,8.8,0.793,2,8.1,10.1,1.8,1.1,3.7,3,4.5,34.7,,105,108
Dwight Powell\poweldw01,C,26,DAL,79,25,1672,7.7,12.9,0.593,0.8,2.5,0.333,6.8,10.4,0.656,4,5.6,0.719,4.1,9.3,13.3,2.7,2,1,1.8,5.6,20.1,,129,107
Norman Powell\powelno01,SG,24,TOR,70,18,1062,7,17.4,0.401,2.5,8.6,0.285,4.5,8.7,0.516,1.5,1.8,0.821,0.6,4.9,5.5,4.1,1.7,0.7,3.1,5.2,17.9,,94,107
Alex Poythress\poythal01,PF,24,IND,25,0,104,5.3,12.5,0.423,1.9,5.3,0.364,3.4,7.2,0.467,0,0,,3.4,4.8,8.2,1,1.4,0.5,1,7.7,12.5,,108,110
Taurean Prince\princta02,SF,23,ATL,82,82,2464,8.2,19.3,0.426,3.5,9.1,0.385,4.7,10.3,0.461,3,3.6,0.844,1,6.7,7.7,4.2,1.7,0.8,3.8,3.3,23,,100,111
Jacob Pullen\pulleja01,PG,28,PHI,3,0,6,8,16,0.5,0,8,0,8,8,1,0,0,,0,0,0,0,0,0,8,0,16,,60,114
Rodney Purvis\purviro01,SG,23,ORL,16,2,290,5.9,18.1,0.327,2.2,8.8,0.25,3.7,9.3,0.4,2.2,2.5,0.867,0.2,4.4,4.6,2.9,0.5,0.5,1.7,4.4,16.2,,86,115
Zhou Qi\qizh01,C,22,HOU,18,0,124,2.4,12.7,0.188,0.8,7.5,0.105,1.6,5.2,0.308,3.2,4.8,0.667,2.4,6.3,8.7,0.8,0.8,5.6,4,5.6,8.7,,61,102
Tim Quarterman\quartti01,SG,23,HOU,3,0,13,3.8,11.4,0.333,0,7.6,0,3.8,3.8,1,7.6,7.6,1,0,11.4,11.4,3.8,0,0,7.6,3.8,15.1,,78,109
Ivan Rabb\rabbiv01,PF,20,MEM,36,5,516,8.4,14.9,0.566,0,0,,8.4,14.9,0.566,2.8,3.5,0.806,5.2,10.3,15.5,3.1,1.2,1.3,3.4,5.4,19.7,,112,110
Julius Randle\randlju01,C,23,LAL,82,49,2190,11,19.7,0.558,0.2,1,0.222,10.8,18.8,0.575,6.7,9.3,0.718,4,10.3,14.3,4.6,0.9,1,4.7,6,28.9,,112,107
Zach Randolph\randoza01,PF,36,SAC,59,57,1508,12.1,25.6,0.473,1.7,4.9,0.347,10.4,20.7,0.503,2.8,3.6,0.785,3.3,10.1,13.3,4.3,1.4,0.3,3.9,4,28.7,,101,111
Xavier Rathan-Mayes\rathaxa01,SG,23,MEM,5,0,118,5.1,18,0.286,0.4,6,0.071,4.7,12,0.393,1.7,3.9,0.444,0,2.1,2.1,7.7,2.6,1.3,4.7,7.7,12.4,,67,111
J.J. Redick\redicjj01,SG,33,PHI,70,70,2116,9.2,20,0.46,4.4,10.5,0.42,4.8,9.5,0.504,4.5,5,0.904,0.2,3.8,4,4.8,0.8,0.1,2.3,2.8,27.2,,119,110
Davon Reed\reedda01,SG,22,PHO,21,1,242,4.4,15,0.289,2.2,7.5,0.289,2.2,7.5,0.289,1.6,2.4,0.667,0.4,7.3,7.7,2.6,2,0.4,2,3.4,12.5,,80,112
Willie Reed\reedwi02,C,27,TOT,42,5,428,9.2,13.8,0.669,0.1,0.2,0.5,9.1,13.5,0.672,3.6,6.3,0.582,4,9.8,13.8,1.1,1,2.5,2.2,6.4,22.2,,125,108
Willie Reed\reedwi02,C,27,LAC,39,5,419,9.3,13.9,0.667,0.1,0.2,0.5,9.2,13.7,0.669,3.7,6.4,0.582,4.1,9.9,13.9,1,1,2.6,2.2,6.2,22.4,,125,108
Willie Reed\reedwi02,C,27,DET,3,0,9,5.5,5.5,1,0,0,,5.5,5.5,1,0,0,,0,5.5,5.5,5.5,0,0,0,16.6,11.1,,207,112
Josh Richardson\richajo01,SF,24,MIA,81,81,2689,7.4,16.5,0.451,2.4,6.3,0.378,5.1,10.3,0.495,2.2,2.7,0.845,1.3,4,5.3,4.3,2.3,1.4,2.6,3.7,19.5,,106,106
Malachi Richardson\richama01,SG,22,TOT,26,4,324,4.7,14,0.333,1.9,6.2,0.3,2.8,7.8,0.36,2.7,3.4,0.773,0.8,4.5,5.3,2,1.6,0.2,1.6,4.2,13.9,,91,114
Malachi Richardson\richama01,SG,22,SAC,25,4,319,4.6,14,0.33,1.9,6.2,0.308,2.7,7.8,0.347,2.7,3.5,0.773,0.8,4.4,5.2,2.1,1.6,0.2,1.6,4.3,13.8,,91,114
Malachi Richardson\richama01,SG,22,TOR,1,0,5,9.9,19.7,0.5,0,9.9,0,9.9,9.9,1,0,0,,0,9.9,9.9,0,0,0,0,0,19.7,,100,110
Austin Rivers\riverau01,SG,25,LAC,61,59,2057,8.1,19,0.424,3.2,8.5,0.378,4.8,10.5,0.461,2.4,3.8,0.642,0.6,2.8,3.4,5.7,1.7,0.4,2.6,3.6,21.7,,105,113
Andre Roberson\roberan03,SG,26,OKC,39,39,1037,4.2,7.8,0.537,0.4,1.7,0.222,3.8,6,0.627,0.6,1.8,0.316,3.6,5.3,8.9,2.2,2.2,1.7,1.4,4.3,9.3,,114,107
Devin Robinson\robinde01,SF,22,WAS,1,0,13,3.8,11.5,0.333,0,0,,3.8,11.5,0.333,0,0,,7.6,11.5,19.1,0,3.8,0,0,7.6,7.6,,103,102
Glenn Robinson III\robingl02,SF,24,IND,23,1,338,5.3,12.6,0.424,2.1,5,0.412,3.3,7.5,0.431,1.3,1.6,0.818,1.6,3.8,5.5,2.5,1.9,0.1,0.7,2.1,14,,114,111
Rajon Rondo\rondora01,PG,31,NOP,65,63,1705,6.5,13.8,0.468,1.4,4.2,0.333,5.1,9.6,0.526,0.7,1.3,0.543,0.9,6.5,7.4,14.9,2,0.3,4.2,3.3,15,,109,109
Derrick Rose\rosede01,PG,29,TOT,25,7,420,9.5,21.8,0.435,0.8,3.5,0.233,8.7,18.3,0.474,4.7,5.4,0.87,1.5,2.6,4.1,4.3,0.8,0.5,4.1,1.9,24.5,,97,116
Derrick Rose\rosede01,PG,29,CLE,16,7,308,9.2,21,0.439,1,3.8,0.25,8.3,17.2,0.481,5.6,6.5,0.854,1.6,3,4.6,4.1,0.5,0.6,4.5,2.2,25,,97,117
Derrick Rose\rosede01,PG,29,MIN,9,0,112,10.3,24.1,0.426,0.4,2.7,0.167,9.8,21.4,0.458,2.2,2.2,1,1.3,1.3,2.7,4.9,1.8,0,3.1,0.9,23.2,,94,115
Terrence Ross\rosste01,SG,26,ORL,24,20,600,6.2,15.6,0.398,2.4,7.6,0.323,3.8,8,0.469,2.2,2.9,0.75,0.8,5.1,6,3.1,2.2,0.9,2.4,3.7,17.1,,96,110
Terry Rozier\roziete01,PG,23,BOS,80,16,2068,7.6,19.3,0.395,3.7,9.7,0.381,3.9,9.6,0.41,2.8,3.6,0.772,1.5,7.6,9.1,5.6,1.9,0.5,1.9,3,21.7,,109,104
Ricky Rubio\rubiori01,PG,27,UTA,77,77,2254,7.7,18.4,0.418,2.1,6.1,0.352,5.6,12.3,0.451,4.9,5.7,0.866,1,6.8,7.8,9.1,2.7,0.2,4.6,4.6,22.4,,105,103
D'Angelo Russell\russeda01,PG,21,BRK,48,35,1234,10.9,26.4,0.414,3.5,10.9,0.324,7.4,15.5,0.477,3.8,5.2,0.74,1.2,6.3,7.4,9.8,1.4,0.7,5.8,3.7,29.2,,98,111
Domantas Sabonis\sabondo01,C,21,IND,74,19,1810,9.4,18.3,0.514,0.4,1,0.351,9,17.2,0.524,4.6,6.2,0.75,4.6,11.2,15.8,4.2,1.1,0.9,3.8,6.1,23.8,,110,107
JaKarr Sampson\sampsja02,SF,24,SAC,22,6,344,6.5,11.9,0.543,0.7,1.5,0.5,5.7,10.4,0.549,1.5,2.4,0.625,3.1,8.4,11.5,1.3,1.2,3.2,1.2,7.1,15.1,,117,108
Dario ari?\saricda01,PF,23,PHI,78,73,2310,8.4,18.5,0.453,3.3,8.3,0.393,5.1,10.2,0.501,3.7,4.3,0.86,3.2,7.6,10.8,4.2,1.1,0.4,3.1,3.3,23.8,,113,107
Tomá Satoranský\satorto01,SG,26,WAS,73,30,1643,6.1,11.6,0.523,1.4,3.1,0.465,4.7,8.6,0.544,2.3,2.9,0.781,2.2,4.9,7,8.6,1.6,0.5,2.5,4,15.8,,124,111
Dennis Schröder\schrode01,PG,24,ATL,67,67,2078,11.8,26.9,0.436,1.8,6.2,0.29,10,20.8,0.48,5.3,6.2,0.849,1,3.9,4.9,9.8,1.7,0.1,4.3,3.5,30.6,,104,113
Mike Scott\scottmi01,PF,29,WAS,76,1,1406,9.7,18.5,0.527,2.3,5.8,0.405,7.4,12.8,0.582,1.8,2.7,0.658,1.8,7,8.7,2.8,0.8,0.4,2.8,5.2,23.6,,109,111
Thabo Sefolosha\sefolth01,SF,33,UTA,38,6,806,7.3,14.9,0.492,2,5.2,0.381,5.4,9.7,0.551,2.7,3.4,0.815,1.8,8.2,10,2.1,3.2,0.7,1.9,3.7,19.4,,113,101
Wayne Selden\seldewa01,SG,23,MEM,35,9,692,8.5,19.7,0.431,3.6,8.9,0.402,4.9,10.7,0.456,3.2,4.3,0.746,1.2,2.9,4.1,4.8,1.3,0.4,3.9,4.3,23.7,,101,115
Ramon Sessions\sessira01,PG,31,TOT,28,3,392,5.3,14.8,0.359,1,3.3,0.308,4.3,11.5,0.374,5.6,7.2,0.772,0.8,4.1,4.8,9.7,1.8,0.3,3.8,3.7,17.2,,101,112
Ramon Sessions\sessira01,PG,31,NYK,13,3,167,5,15.7,0.321,0.6,3.3,0.182,4.5,12.5,0.357,3.6,4.5,0.8,0.3,5,5.3,8,2.1,0.3,4.5,4.2,14.2,,83,111
Ramon Sessions\sessira01,PG,31,WAS,15,0,225,5.5,14.1,0.391,1.3,3.3,0.4,4.2,10.8,0.388,7.1,9.3,0.762,1.1,3.3,4.4,11,1.5,0.2,3.3,3.3,19.4,,114,112
Iman Shumpert\shumpim01,SG,27,CLE,14,6,276,3.9,10.3,0.379,1.2,4.6,0.269,2.7,5.7,0.469,2,2.7,0.733,1.2,6,7.3,3,1.6,0.7,2.8,3.9,11,,91,112
Pascal Siakam\siakapa01,PF,23,TOR,81,5,1679,7.4,14.6,0.508,0.9,3.9,0.22,6.6,10.7,0.612,1.6,2.6,0.621,2.3,8.4,10.7,4.7,1.8,1.2,2,4.9,17.3,,113,105
Xavier Silas\silasxa01,SG,30,BOS,2,0,7,0,21.4,0,0,14.3,0,0,7.1,0,0,0,,7.1,7.1,14.3,0,7.1,0,0,7.1,0,,27,93
Ben Simmons\simmobe01,PG,21,PHI,81,81,2732,9.6,17.6,0.545,0,0.2,0,9.6,17.4,0.551,3.4,6,0.56,2.6,9,11.6,11.6,2.5,1.2,4.9,3.7,22.5,,111,102
Jonathon Simmons\simmojo02,SG,28,ORL,69,50,2029,8.5,18.4,0.465,1.7,4.9,0.338,6.9,13.4,0.512,4.5,5.8,0.768,1.5,4.3,5.8,4.1,1.4,0.4,3.5,4.2,23.2,,103,113
Kobi Simmons\simmoko01,PG,20,MEM,32,12,643,6.3,14.9,0.423,0.9,3.1,0.282,5.4,11.8,0.46,2,2,1,1.1,2.8,3.9,5.3,1.4,0.4,3.5,4.8,15.4,,94,115
Kyle Singler\singlky01,SF,29,OKC,12,0,59,5.9,17.7,0.333,1.7,4.2,0.4,4.2,13.5,0.313,5.9,10.9,0.538,0.8,7.6,8.4,1.7,0.8,0,2.5,3.4,19.3,,88,111
Marcus Smart\smartma01,SG,23,BOS,54,11,1614,5.9,15.9,0.367,2.3,7.7,0.301,3.5,8.2,0.429,3,4.1,0.729,1.3,4.5,5.9,8,2.2,0.7,4,4.1,17,,97,104
Dennis Smith Jr.\smithde03,PG,20,DAL,69,69,2049,9.9,25.1,0.395,2.6,8.3,0.313,7.3,16.8,0.435,3.3,4.7,0.694,1.2,5.1,6.4,8.8,1.7,0.4,4.8,3.7,25.7,,93,110
Ish Smith\smithis01,PG,29,DET,82,35,2043,9.5,19.6,0.486,0.9,2.5,0.347,8.6,17.1,0.506,2,2.8,0.698,0.7,4.8,5.5,8.8,1.6,0.5,2.6,3.4,21.8,,109,109
J.R. Smith\smithjr01,SG,32,CLE,80,61,2244,5.2,13,0.403,3.1,8.3,0.375,2.1,4.7,0.453,0.9,1.2,0.696,0.6,4.5,5.1,3.1,1.5,0.2,1.8,3.5,14.5,,103,114
Jason Smith\smithja02,C,31,WAS,33,2,285,7.8,20,0.391,0.7,5.6,0.125,7.1,14.5,0.494,3.3,3.7,0.905,3.1,6.1,9.2,2.4,0.5,2.3,2.8,7.7,19.7,,93,110
Josh Smith\smithjo03,PF,32,NOP,3,0,12,4,15.9,0.25,0,0,,4,15.9,0.25,0,0,,11.9,4,15.9,0,0,0,0,11.9,8,,94,115
Tony Snell\snellto01,SG,26,MIL,75,59,2053,4.5,10.3,0.435,2.6,6.5,0.403,1.9,3.8,0.49,0.9,1.2,0.792,0.2,3.2,3.4,2.4,1.1,0.7,0.9,2.8,12.5,,113,114
Marreese Speights\speigma01,C,30,ORL,52,3,675,10,25.3,0.395,6.2,16.9,0.369,3.8,8.4,0.448,2.9,4,0.727,1.5,8.1,9.6,2.9,0.6,1.6,2.9,7.7,29.2,,101,111
Nik Stauskas\stausni01,SG,24,TOT,41,0,523,5.6,14.3,0.39,3.7,9.3,0.4,1.9,5,0.37,1.9,2.7,0.724,0.4,5.6,5.9,3.6,0.8,0.4,2.4,2.2,16.8,,101,113
Nik Stauskas\stausni01,SG,24,PHI,6,0,45,1.1,4.3,0.25,0,1.1,0,1.1,3.2,0.333,2.1,2.1,1,0,1.1,1.1,1.1,4.3,0,4.3,3.2,4.3,,52,104
Nik Stauskas\stausni01,SG,24,BRK,35,0,478,6,15.2,0.393,4.1,10.1,0.404,1.9,5.2,0.373,1.9,2.7,0.704,0.4,6,6.4,3.9,0.5,0.4,2.2,2.1,18,,104,114
Lance Stephenson\stephla01,SG,27,IND,82,7,1850,8.2,19.2,0.427,1.8,6.3,0.289,6.4,12.9,0.495,2.3,3.4,0.661,1.7,9.8,11.5,6.3,1.2,0.5,3.5,4.8,20.5,,99,108
David Stockton\stockda01,PG,26,UTA,3,0,9,11.1,16.7,0.667,11.1,16.7,0.667,0,0,,22.3,22.3,1,0,0,0,0,0,0,5.6,16.7,55.7,,162,113
Julyan Stone\stoneju01,SG,29,CHO,23,0,175,1.7,3.6,0.462,1.7,3.6,0.462,0,0,,0.3,0.6,0.5,0.3,7.8,8.1,7.2,1.1,0.6,2,5.9,5.3,,123,110
Edmond Sumner\sumneed01,PG,22,IND,1,0,2,25,25,1,0,0,,25,25,1,0,0,,0,25,25,0,0,0,0,25,50,,200,101
Caleb Swanigan\swanica01,PF,20,POR,27,3,189,6.3,15.8,0.4,0.3,2.1,0.125,6.1,13.7,0.442,3.2,4.7,0.667,3.9,10.3,14.2,3.7,1.3,0.8,4.7,9.7,16.1,,88,105
Jayson Tatum\tatumja01,SF,19,BOS,80,80,2438,8.1,17.1,0.475,2.2,5,0.434,6,12.2,0.492,4.4,5.3,0.826,1,7.2,8.2,2.6,1.7,1.2,2.3,3.5,22.8,,111,103
Isaiah Taylor\taylois01,PG,23,ATL,67,9,1167,6.8,16.3,0.418,0.8,3.3,0.25,6,13,0.461,4.1,5.9,0.702,0.9,3,3.9,8.6,1.4,0.4,3.5,4.9,18.6,,101,114
Jeff Teague\teaguje01,PG,29,MIN,70,70,2311,7.7,17.2,0.446,1.8,4.9,0.368,5.8,12.2,0.477,4.4,5.2,0.845,0.5,4,4.5,10.6,2.2,0.5,3.8,3.7,21.5,,111,112
Marquis Teague\teaguma01,PG,24,MEM,3,0,74,2.7,10.9,0.25,0.7,2.7,0.25,2,8.2,0.25,1.4,3.4,0.4,0.7,3.4,4.1,8.9,2.7,0,2,3.4,7.5,,83,112
Mirza Teletovi?\teletmi01,PF,32,MIL,10,0,159,7.8,17.9,0.439,6.6,14.1,0.467,1.3,3.8,0.333,0,0,,0.9,6.3,7.2,3.1,1.3,0.3,2.2,4.4,22.3,,113,113
Garrett Temple\templga01,SG,31,SAC,65,35,1615,6.2,14.9,0.418,2.8,7.1,0.392,3.4,7.8,0.442,1.9,2.4,0.769,0.7,4.1,4.8,3.9,1.8,0.8,2.5,4.2,17.1,,102,112
Milo Teodosi?\teodomi01,PG,30,LAC,45,36,1134,6.5,15.4,0.419,3.8,9.9,0.379,2.7,5.5,0.492,1.7,2,0.848,0.7,4.7,5.4,9,1,0.2,4.2,4.4,18.4,,107,114
Jason Terry\terryja01,SG,40,MIL,51,4,814,3.6,9.4,0.383,2.5,7,0.348,1.2,2.4,0.487,0.5,0.6,0.889,0.3,2.6,2.9,3.6,2.6,0.8,1.5,3.2,10.2,,103,111
Daniel Theis\theisda01,C,25,BOS,63,3,936,6.7,12.4,0.541,1,3.1,0.31,5.8,9.3,0.617,3.3,4.3,0.753,4.8,9.8,14.6,3,1.6,2.6,3,8.4,17.7,,117,100
Isaiah Thomas\thomais02,PG,28,TOT,32,15,862,8.8,23.6,0.373,3.1,10.5,0.293,5.7,13.1,0.438,6.6,7.4,0.893,1,2.8,3.8,8.6,0.8,0.2,5.3,3.3,27.3,,99,115
Isaiah Thomas\thomais02,PG,28,CLE,15,14,406,8.4,23.4,0.361,2.7,10.5,0.253,5.8,12.9,0.449,7.1,8.2,0.868,0.8,2.9,3.7,8.2,1.1,0.2,4.9,3,26.7,,98,116
Isaiah Thomas\thomais02,PG,28,LAL,17,1,456,9.1,23.8,0.383,3.5,10.6,0.327,5.7,13.2,0.429,6.1,6.6,0.921,1,2.7,3.8,8.9,0.6,0.1,5.7,3.5,27.8,,100,114
Lance Thomas\thomala01,PF,29,NYK,73,31,1353,3.7,9.8,0.382,1.8,4.5,0.403,1.9,5.2,0.364,1.6,1.9,0.83,1.6,4.8,6.4,1.6,1.1,0.5,1.5,4.9,10.9,,103,113
Klay Thompson\thompkl01,SG,27,GSW,73,73,2506,11.1,22.7,0.488,4.4,10,0.44,6.7,12.7,0.526,1.6,1.9,0.837,0.6,4.7,5.3,3.6,1.1,0.7,2.5,2.3,28.1,,110,111
Tristan Thompson\thomptr01,C,26,CLE,53,22,1072,6,10.7,0.562,0,0,,6,10.7,0.562,2,3.6,0.544,5.8,10.3,16.1,1.5,0.7,0.8,1.6,4.7,14,,120,112
Sindarius Thornwell\thornsi01,SG,23,LAC,73,17,1156,4.2,9.8,0.429,1,2.6,0.377,3.2,7.2,0.448,2.5,3.7,0.67,1.4,4.5,5.9,2.9,2,1.1,2.2,5.3,11.9,,101,111
Anthony Tolliver\tollian01,PF,32,DET,79,14,1757,6.2,13.4,0.464,4.5,10.4,0.436,1.7,3,0.561,3,3.8,0.797,1.4,5.4,6.8,2.6,0.9,0.6,1.6,4.1,20,,126,110
Karl-Anthony Towns\townska01,C,22,MIN,82,82,2918,11,20.1,0.545,2.1,4.9,0.421,8.9,15.2,0.585,5.9,6.9,0.858,4.1,13.3,17.3,3.4,1.1,2,2.7,4.9,29.9,,127,107
P.J. Tucker\tuckepj01,PF,32,HOU,82,34,2281,3.7,9.5,0.39,2.5,6.7,0.371,1.2,2.8,0.435,0.9,1.3,0.717,2,7.9,9.9,1.7,1.7,0.6,1.6,4.4,10.8,,107,106
Evan Turner\turneev01,SF,29,POR,79,40,2034,6.3,14.1,0.447,1,3.2,0.318,5.3,10.9,0.485,2.2,2.6,0.85,0.7,5.2,6,4.2,1.1,0.7,2.4,4,15.9,,103,109
Myles Turner\turnemy01,C,21,IND,65,62,1836,8.3,17.4,0.479,1.5,4.3,0.357,6.8,13.1,0.519,4.4,5.6,0.777,2.5,8.8,11.4,2.4,1,3.2,2.6,5.1,22.5,,110,106
Ekpe Udoh\udohek01,C,30,UTA,63,3,810,3.7,7.4,0.5,0,0.1,0,3.7,7.4,0.504,2.6,3.5,0.75,4.2,5.1,9.3,3.3,2.7,4.6,1.2,6.5,10,,126,98
Tyler Ulis\ulisty01,PG,22,PHO,71,43,1658,6.2,15.9,0.388,1.2,4.2,0.288,5,11.7,0.425,2.4,2.9,0.832,0.7,3,3.7,9,2,0.2,3.7,3.5,16,,96,115
Jonas Valan?i?nas\valanjo01,C,25,TOR,77,77,1727,11.1,19.6,0.568,0.9,2.1,0.405,10.3,17.5,0.587,4.9,6,0.806,5.2,13.6,18.8,2.3,0.8,2,3.3,5.5,28,,120,103
Denzel Valentine\valende01,SG,24,CHI,77,37,2095,7,16.8,0.417,3.3,8.6,0.386,3.7,8.2,0.45,0.9,1.2,0.745,1.1,8,9.2,5.7,1.5,0.3,2.3,4.3,18.2,,104,111
Fred VanVleet\vanvlfr01,PG,23,TOR,76,0,1520,7.5,17.7,0.426,3.5,8.5,0.414,4,9.2,0.437,2.7,3.3,0.832,0.8,5.2,6,7.9,2.2,0.6,2.4,4.2,21.3,,115,106
Rashad Vaughn\vaughra01,SG,21,TOT,28,0,212,5.4,13.1,0.411,3.3,8.7,0.378,2.1,4.5,0.474,0.9,1.4,0.667,0.7,4.2,4.9,3,1.2,0.7,1.4,3.5,15,,107,113
Rashad Vaughn\vaughra01,SG,21,MIL,22,0,173,6.1,14.4,0.42,3.7,10.1,0.371,2.3,4.3,0.533,1.2,1.7,0.667,0.6,4.3,4.9,3.5,1.2,0.9,1.2,3.5,17,,112,113
Rashad Vaughn\vaughra01,SG,21,BRK,1,0,4,0,0,,0,0,,0,0,,0,0,,0,0,0,12.1,0,0,0,12.1,0,,233,118
Rashad Vaughn\vaughra01,SG,21,ORL,5,0,35,2.8,8.4,0.333,1.4,2.8,0.5,1.4,5.6,0.25,0,0,,1.4,4.2,5.6,0,1.4,0,2.8,2.8,7,,67,113
Noah Vonleh\vonleno01,PF,22,TOT,54,16,875,5.9,13.2,0.444,1.1,3.7,0.303,4.7,9.5,0.5,2,3.3,0.621,3.9,13.6,17.5,1.9,1.1,1,1.7,3.8,14.9,,106,106
Noah Vonleh\vonleno01,PF,22,POR,33,12,476,4.9,10,0.49,0.2,0.6,0.333,4.7,9.4,0.5,2.4,3.2,0.742,3.7,13.8,17.5,1.4,0.6,1.1,1.6,4.4,12.4,,113,105
Noah Vonleh\vonleno01,PF,22,CHI,21,4,399,7,16.9,0.413,2.2,7.3,0.3,4.8,9.5,0.5,1.6,3.3,0.481,4.3,13.3,17.6,2.6,1.6,0.7,2,3.2,17.7,,101,108
Nikola Vu?evi?\vucevni01,C,27,ORL,57,57,1683,11.6,24.4,0.475,1.9,5.9,0.314,9.7,18.5,0.527,2.2,2.7,0.819,2.9,12.3,15.2,5.6,1.6,1.8,3.2,4.2,27.3,,105,106
Dwyane Wade\wadedw01,SG,36,TOT,67,3,1536,9.6,21.9,0.438,1,3.6,0.288,8.6,18.3,0.468,4.3,6.1,0.714,1.6,6.5,8.1,7.3,2,1.5,4.5,4,24.6,,98,109
Dwyane Wade\wadedw01,SG,36,CLE,46,3,1069,9.1,19.9,0.455,1.1,3.2,0.329,8,16.7,0.479,4.3,6.1,0.701,1.8,6.5,8.3,7.5,1.9,1.5,4.2,3.8,23.5,,102,110
Dwyane Wade\wadedw01,SG,36,MIA,21,0,467,10.9,26.6,0.409,1,4.4,0.22,9.9,22.1,0.447,4.4,5.9,0.745,1.2,6.5,7.6,7,2,1.6,5.2,4.3,27.1,,90,105
Dion Waiters\waitedi01,SG,26,MIA,30,30,918,8.9,22.4,0.398,2.8,9.3,0.306,6.1,13.1,0.463,2.8,3.8,0.739,0.4,3.8,4.2,6.2,1.3,0.5,3.8,3.3,23.5,,94,110
Kemba Walker\walkeke02,PG,27,CHO,80,80,2736,10.5,24.3,0.431,4.1,10.7,0.384,6.4,13.6,0.469,6.5,7.5,0.864,0.6,3.9,4.4,7.9,1.6,0.4,3.2,1.7,31.6,,115,111
John Wall\walljo01,PG,27,WAS,41,41,1410,9.9,23.5,0.42,2.2,5.9,0.371,7.7,17.6,0.436,6.2,8.5,0.726,0.8,4.5,5.3,13.8,2,1.6,5.6,2.8,28.1,,105,108
Tyrone Wallace\wallaty01,PG,23,LAC,30,19,851,6.3,14.1,0.445,0.6,2.3,0.25,5.7,11.8,0.483,3.5,4.5,0.782,1.2,4.8,6,4.1,1.5,0.7,2.6,4.7,16.6,,102,112
Derrick Walton\waltode01,PG,22,MIA,16,0,147,2.7,8.5,0.32,2.4,5.8,0.412,0.3,2.7,0.125,2,2,1,0.7,4.8,5.5,5.5,2.4,1,0.7,2.4,9.9,,123,106
Jameel Warney\warneja01,PF,24,DAL,3,0,27,13,22.3,0.583,0,0,,13,22.3,0.583,5.6,9.3,0.6,7.4,9.3,16.7,0,0,0,1.9,3.7,31.6,,119,113
T.J. Warren\warretj01,SF,24,PHO,65,65,2142,11.8,23.8,0.498,0.4,2,0.222,11.4,21.7,0.523,4.3,5.7,0.757,2.8,4.6,7.4,1.9,1.5,0.9,1.9,3.3,28.4,,109,114
Travis Wear\weartr01,SF,27,LAL,17,0,228,5.2,15.1,0.347,3.6,9.9,0.362,1.7,5.2,0.32,1.7,1.7,1,0,8,8,1.5,0.8,1,1.3,6.3,15.7,,98,109
James Webb III\webbja01,SF,24,BRK,10,0,120,2.4,9.7,0.25,1.6,7.7,0.211,0.8,2,0.4,0,0,,3.2,6.5,9.7,1.6,0.4,0,1.6,4,6.5,,81,114
Briante Weber\weberbr01,PG,25,TOT,18,0,237,4,9,0.442,0.8,2.3,0.364,3.2,6.7,0.469,1.7,2.1,0.8,1.7,5.7,7.4,4.6,3.8,1.1,3.2,5.9,10.5,,100,104
Briante Weber\weberbr01,PG,25,HOU,13,0,118,3.8,9.2,0.409,1.7,3.8,0.444,2.1,5.4,0.385,1.7,1.7,1,1.3,6.3,7.5,5.4,4.2,1.3,2.9,7.5,10.8,,107,101
Briante Weber\weberbr01,PG,25,MEM,5,0,119,4.2,8.9,0.476,0,0.8,0,4.2,8.1,0.526,1.7,2.5,0.667,2.1,5.1,7.2,3.8,3.4,0.8,3.4,4.2,10.2,,92,108
David West\westda01,C,37,GSW,73,0,999,10.4,18.2,0.571,0.1,0.4,0.375,10.3,17.8,0.576,2.9,3.8,0.759,3.1,8.4,11.5,6.7,2.3,3.6,3.9,5.8,23.9,,113,103
Russell Westbrook\westbru01,PG,29,OKC,80,80,2914,12.9,28.7,0.449,1.7,5.6,0.298,11.2,23.2,0.485,7.1,9.6,0.737,2.6,11.1,13.7,14,2.5,0.3,6.5,3.4,34.5,,109,104
Andrew White\whitean01,SF,24,ATL,15,0,209,5.8,17.1,0.342,4.2,11.5,0.367,1.6,5.6,0.292,0.2,0.9,0.25,0.9,7,7.9,1.4,0.7,0.2,1.9,2.8,16.1,,88,113
Derrick White\whitede01,PG,23,SAS,17,0,139,5.8,12,0.485,2.9,4.7,0.615,2.9,7.3,0.4,5.1,7.3,0.7,1.8,7.6,9.5,3.3,1.5,1.1,2.2,2.9,19.6,,123,105
Okaro White\whiteok01,PF,25,MIA,6,4,80,4.4,10,0.438,2.5,6.9,0.364,1.9,3.1,0.6,1.3,1.9,0.667,1.9,5,6.9,1.3,0.6,0.6,0.6,3.8,12.6,,120,110
Isaiah Whitehead\whiteis01,PG,22,BRK,16,0,180,10.8,23.2,0.465,1.9,4.9,0.389,8.9,18.3,0.485,3.5,5.1,0.684,1.1,5.9,7,5.4,2.2,0.5,6.5,6.2,27,,90,110
Hassan Whiteside\whiteha01,C,28,MIA,54,54,1364,11.5,21.3,0.54,0.1,0.1,1,11.4,21.2,0.538,4.7,6.7,0.703,6.4,16.3,22.7,2,1.4,3.5,3.4,4.8,27.8,,111,99
Andrew Wiggins\wiggian01,SF,22,MIN,82,82,2979,9.6,21.8,0.438,1.9,5.7,0.331,7.7,16.1,0.475,3.4,5.3,0.643,1.4,4.6,6,2.7,1.5,0.9,2.3,2.7,24.4,,101,113
Jacob Wiley\wileyja01,PF,23,BRK,5,0,33,1.5,5.9,0.25,1.5,2.9,0.5,0,2.9,0,1.5,2.9,0.5,2.9,13.2,16.2,2.9,1.5,0,0,5.9,5.9,,119,108
Damien Wilkins\wilkida02,SF,38,IND,19,1,152,4.3,12.8,0.333,1.3,5.9,0.222,3,6.9,0.429,1,1.3,0.75,1.6,3.6,5.3,3,0.7,0.3,1.6,2.3,10.9,,89,113
Alan Williams\willial03,PF,25,PHO,5,0,70,4.8,12.3,0.389,0,0,,4.8,12.3,0.389,4.1,6.2,0.667,2.1,13,15,5.5,3.4,0.7,4.8,8.9,13.7,,86,105
C.J. Williams\willicj01,SG,27,LAC,38,17,707,6,13.5,0.442,1.5,5.4,0.282,4.5,8.2,0.546,0.9,1.1,0.813,0.8,3,3.9,3,2.1,0.9,1.4,4.3,14.4,,105,111
Derrick Williams\willide02,PF,26,LAL,2,0,9,5.3,21.3,0.25,0,10.6,0,5.3,10.6,0.5,0,0,,0,5.3,5.3,0,0,0,0,0,10.6,,55,114
Lou Williams\willilo02,SG,31,LAC,79,19,2589,10.9,25.1,0.435,3.5,9.7,0.359,7.4,15.4,0.484,8.1,9.2,0.88,0.8,3,3.7,7.8,1.6,0.4,4.4,2,33.5,,112,113
Marvin Williams\willima02,PF,31,CHO,78,78,2006,6.3,13.7,0.458,3.1,7.4,0.413,3.2,6.3,0.512,2.5,3,0.829,1.8,7.2,9,2.3,1.4,0.9,1.6,2.8,18.1,,118,109
Matt Williams\willima05,SG,24,MIA,3,0,11,9.1,27.4,0.333,4.6,22.8,0.2,4.6,4.6,1,0,0,,0,4.6,4.6,0,0,0,4.6,4.6,22.8,,70,113
Troy Williams\willitr02,SF,23,TOT,21,1,307,8.2,17.6,0.468,1.8,6.1,0.289,6.5,11.5,0.563,3.2,4.8,0.667,3.6,6.6,10.2,2.6,3.2,0.6,3.1,5.5,21.5,,105,107
Troy Williams\willitr02,SF,23,HOU,4,0,17,5.8,26,0.222,0,14.5,0,5.8,11.6,0.5,2.9,8.7,0.333,2.9,8.7,11.6,2.9,2.9,0,2.9,5.8,14.5,,59,104
Troy Williams\willitr02,SF,23,NYK,17,1,290,8.4,17.1,0.49,1.9,5.6,0.333,6.5,11.5,0.567,3.2,4.6,0.704,3.6,6.5,10.1,2.6,3.2,0.7,3.1,5.5,21.9,,109,107
D.J. Wilson\wilsodj01,PF,21,MIL,22,0,71,6.3,11.2,0.563,1.4,3.5,0.4,4.9,7.7,0.636,0.7,1.4,0.5,1.4,5.6,7,2.1,2.1,0.7,2.8,4.9,14.8,,104,111
Jamil Wilson\wilsoja02,SF,27,LAC,15,10,274,6.7,14.4,0.469,4.8,11.2,0.429,2,3.2,0.611,0.4,0.7,0.5,0.5,5.1,5.7,1.8,0.9,1.4,1.4,6,18.6,,118,112
Justise Winslow\winslju01,PF,21,MIA,68,25,1680,6.2,14.6,0.424,1.5,3.9,0.38,4.7,10.7,0.44,2,3.1,0.635,1.9,9.1,11.1,4.4,1.6,1,2.3,4.2,15.8,,101,105
Jeff Withey\witheje01,C,27,DAL,9,0,39,7.7,20.6,0.375,2.6,12.9,0.2,5.1,7.7,0.667,1.3,2.6,0.5,1.3,11.6,12.9,0,0,3.9,2.6,3.9,19.3,,80,106
Nate Wolters\woltena01,PG,26,UTA,5,0,19,2.6,15.8,0.167,0,0,,2.6,15.8,0.167,0,0,,2.6,2.6,5.3,2.6,0,0,0,2.6,5.3,,58,112
Brandan Wright\wrighbr03,PF,30,TOT,28,1,381,7.8,13.5,0.578,0,0,,7.8,13.5,0.578,2.8,4.4,0.636,4.4,8.2,12.6,1.7,1.7,3.4,1.1,4.2,18.4,,124,107
Brandan Wright\wrighbr03,PF,30,MEM,27,1,366,7.9,13.7,0.576,0,0,,7.9,13.7,0.576,2.9,4.6,0.636,4.4,8.4,12.8,1.8,1.8,3.5,1.1,4,18.7,,124,107
Brandan Wright\wrighbr03,PF,30,HOU,1,0,15,6.6,9.8,0.667,0,0,,6.6,9.8,0.667,0,0,,3.3,3.3,6.6,0,0,3.3,0,9.8,13.1,,144,109
Delon Wright\wrighde01,PG,25,TOR,69,4,1433,6.9,14.9,0.465,1.9,5.3,0.366,5,9.6,0.52,3.3,4,0.829,1.5,5.3,6.8,6.9,2.5,1.1,2.7,2.8,19.1,,116,105
Guerschon Yabusele\yabusgu01,PF,22,BOS,33,4,235,5.5,13,0.426,2.6,7.9,0.324,3,5.1,0.583,3.2,4.7,0.682,3.6,7.4,11.1,3.4,0.9,1.1,2.6,4.9,16.8,,111,105
James Young\youngja01,SG,22,PHI,6,0,61,3.9,11,0.357,2.4,7.9,0.3,1.6,3.2,0.5,3.2,4.7,0.667,0,1.6,1.6,1.6,0,0,0.8,3.2,13.4,,106,113
Joe Young\youngjo01,PG,25,IND,53,1,558,7.2,16.7,0.43,2.2,5.9,0.379,4.9,10.7,0.458,2,2.6,0.759,1.1,4.6,5.6,3.5,1.3,0.1,2.3,3.5,18.5,,102,112
Nick Young\youngni01,SG,32,GSW,80,8,1393,7,16.9,0.412,4.3,11.3,0.377,2.7,5.6,0.481,1.9,2.2,0.862,0.7,3.6,4.3,1.2,1.3,0.2,1.3,3.5,20.1,,106,112
Thaddeus Young\youngth01,PF,29,IND,81,81,2607,8.1,16.6,0.487,1.1,3.5,0.32,7,13.1,0.531,1.1,1.8,0.598,3.5,6.3,9.8,2.9,2.6,0.7,2,3.4,18.3,,108,107
Cody Zeller\zelleco01,C,25,CHO,33,0,627,6.6,12.1,0.545,0.2,0.2,0.667,6.5,11.9,0.542,4.7,6.6,0.718,5.2,8.6,13.8,2.4,1.1,1.6,2.6,6.3,18.1,,119,108
Tyler Zeller\zellety01,C,28,TOT,66,34,1109,8.3,14.8,0.56,0.4,1.2,0.357,7.8,13.5,0.578,2.5,3.5,0.722,4.9,8.6,13.5,2.1,0.7,1.5,2.1,5.6,19.5,,118,111
Tyler Zeller\zellety01,C,28,BRK,42,33,703,8.6,15.8,0.546,0.7,1.8,0.385,7.9,14,0.567,2.8,4.1,0.667,4.4,9,13.4,1.9,0.6,1.5,2.4,5.4,20.7,,113,111
Tyler Zeller\zellety01,C,28,MIL,24,1,406,7.6,12.9,0.59,0,0.2,0,7.6,12.7,0.602,2.1,2.3,0.895,5.8,7.9,13.6,2.3,0.9,1.7,1.5,5.9,17.3,,130,111
Paul Zipser\zipsepa01,SF,23,CHI,54,12,824,4.8,13.9,0.346,2.2,6.5,0.336,2.6,7.3,0.355,1.1,1.5,0.76,0.8,7,7.8,2.7,1.2,0.9,2.5,5.1,12.9,,84,112
Ante ii?\zizican01,C,21,CLE,32,2,214,11.2,15.3,0.731,0,0,,11.2,15.3,0.731,4.8,6.6,0.724,5.5,8.2,13.7,1.1,0.5,3,2.5,6.9,27.2,,137,111
Ivica Zubac\zubaciv01,C,20,LAL,43,0,410,7.1,14.2,0.5,0,0.1,0,7.1,14.1,0.504,4.6,6,0.765,5.3,9.1,14.4,2.9,0.9,1.8,3,5.5,18.8,,111,107
